fecha_utc,cambio,bateria,humedad,humedad_interior,lluvia_mm,lluvia_tasa_mmh,presion,punto_rocio,rafaga_kmh,temperatura,temperatura_interior,uv,viento_kmh
2026-10-07 01:07:01,temp_current,,,,,,,,,,19.1,,
2026-10-07 01:07:06,windspeed_gust,,,,,,,,6.6,,19.1,,
2026-10-07 01:07:31,temp_current,,,,,,,,6.6,,19.0,,
2026-10-07 01:07:36,windspeed_gust,,,,,,,,5.9,,19.0,,
2026-10-07 01:08:06,feellike_temp,,,,,,,,5.9,,19.0,,
2026-10-07 01:08:36,temp_current_external,,,,,,,,5.9,14.9,19.0,,
2026-10-07 01:09:06,humidity_outdoor,,66.0,,,,,8.8,5.3,14.9,19.0,,
2026-10-07 01:09:36,humidity_outdoor,,67.0,,,,,8.5,8.6,14.9,19.0,,
2026-10-07 01:10:06,windspeed_gust,,67.0,,,,,8.8,2.6,14.9,19.0,,
2026-10-07 01:10:36,temp_current_external,,67.0,,,,,8.8,2.6,14.8,19.0,,
2026-10-07 01:11:06,windspeed_gust,,68.0,,,,,8.9,4.6,14.8,19.0,,
2026-10-07 01:11:36,windspeed_gust,,68.0,,,,,8.9,6.6,14.8,19.0,,
2026-10-07 01:12:06,windspeed_gust,,68.0,,,,,8.9,8.6,14.8,19.0,,
2026-10-07 01:12:36,temp_current_external,,68.0,,,,,8.9,8.6,14.7,19.0,,
2026-10-07 01:13:06,windspeed_gust,,68.0,,,,,8.8,4.6,14.7,19.0,,
2026-10-07 01:13:36,temp_current_external,,68.0,,,,,8.8,4.6,14.8,19.0,,
2026-10-07 01:14:06,temp_current_external,,68.0,,,,,8.9,6.6,14.7,19.0,,
2026-10-07 01:14:36,windspeed_avg,,68.0,,,,,8.8,7.9,14.7,19.0,,4.0
2026-10-07 01:15:06,humidity_outdoor,,69.0,,,,,8.8,5.9,14.7,19.0,,4.0
2026-10-07 01:15:36,humidity_outdoor,,68.0,,,,,9.0,7.3,14.7,19.0,,4.0
2026-10-07 01:16:06,humidity_outdoor,,69.0,,,,,8.8,7.3,14.7,19.0,,4.0
2026-10-07 01:16:36,windspeed_gust,,69.0,,,,,9.0,2.6,14.7,19.0,,4.0
2026-10-07 01:17:06,windspeed_gust,,69.0,,,,,9.0,7.9,14.7,19.0,,4.0
2026-10-07 01:17:36,temp_current_external,,69.0,,,,,9.0,7.9,14.6,19.0,,4.0
2026-10-07 01:18:01,temp_current,,69.0,,,,,8.9,8.6,14.6,18.9,,4.0
2026-10-07 01:18:06,windspeed_gust,,69.0,,,,,8.9,5.9,14.6,18.9,,4.0
2026-10-07 01:18:36,feellike_temp,,69.0,,,,,8.9,5.9,14.6,18.9,,4.0
2026-10-07 01:19:01,temp_current,,69.0,,,,,8.9,5.9,14.6,19.0,,4.0
2026-10-07 01:19:06,humidity_outdoor,,70.0,,,,,8.9,5.9,14.6,19.0,,4.0
2026-10-07 01:19:31,temp_current,,70.0,,,,,9.1,9.9,14.6,18.9,,4.0
2026-10-07 01:19:36,windspeed_gust,,70.0,,,,,9.1,3.9,14.6,18.9,,4.0
2026-10-07 01:20:06,temp_current_external,,70.0,,,,,9.1,3.9,14.5,18.9,,4.0
2026-10-07 01:20:36,windspeed_gust,,70.0,,,,,9.0,1.9,14.5,18.9,,4.0
2026-10-07 01:21:06,temp_current_external,,70.0,,,,,9.0,1.9,14.4,18.9,,4.0
2026-10-07 01:21:36,humidity_outdoor,,70.0,,,,,9.2,0.0,14.4,18.9,,4.0
2026-10-07 01:22:06,windspeed_gust,,70.0,,,,,8.9,3.9,14.4,18.9,,4.0
2026-10-07 01:22:36,humidity_outdoor,,71.0,,,,,8.9,3.9,14.4,18.9,,4.0
2026-10-07 01:23:06,windspeed_gust,,71.0,,,,,9.2,4.6,14.4,18.9,,4.0
2026-10-07 01:23:36,windspeed_gust,,71.0,,,,,9.2,3.9,14.4,18.9,,4.0
2026-10-07 01:24:06,windspeed_gust,,71.0,,,,,9.2,4.6,14.4,18.9,,4.0
2026-10-07 01:24:36,temp_current_external,,71.0,,,,,9.2,4.6,14.3,18.9,,4.0
2026-10-07 01:25:06,windspeed_gust,,72.0,,,,,9.3,5.9,14.3,18.9,,2.3
2026-10-07 01:25:36,windspeed_gust,,72.0,,,,,9.3,4.6,14.3,18.9,,2.3
2026-10-07 01:26:06,humidity_outdoor,,73.0,,,,,9.3,4.6,14.3,18.9,,2.3
2026-10-07 01:26:31,temp_current,,73.0,,,,,9.5,2.6,14.3,18.8,,2.3
2026-10-07 01:26:36,temp_current_external,,73.0,,,,,9.5,2.6,14.2,18.8,,2.3
2026-10-07 01:27:01,temp_current,,73.0,,,,,9.4,3.9,14.2,18.9,,2.3
2026-10-07 01:27:06,windspeed_gust,,73.0,,,,,9.4,6.6,14.2,18.9,,2.3
2026-10-07 01:27:31,humidity_value,,73.0,54.0,,,,9.4,6.6,14.2,18.9,,2.3
2026-10-07 01:27:36,humidity_outdoor,,74.0,54.0,,,,9.4,6.6,14.2,18.9,,2.3
2026-10-07 01:28:06,temp_current_external,,74.0,54.0,,,,9.6,2.6,14.1,18.9,,2.3
2026-10-07 01:28:31,humidity_value,,74.0,55.0,,,,9.5,4.6,14.1,18.9,,2.3
2026-10-07 01:28:36,feellike_temp,,74.0,55.0,,,,9.5,4.6,14.1,18.9,,2.3
2026-10-07 01:29:06,humidity_outdoor,,75.0,55.0,,,,9.5,4.6,14.1,18.9,,2.3
2026-10-07 01:29:36,windspeed_gust,,75.0,55.0,,,,9.7,4.6,14.1,18.9,,2.3
2026-10-07 01:30:06,temp_current_external,,75.0,55.0,,,,9.7,4.6,14.0,18.9,,2.3
2026-10-07 01:30:31,temp_current,,77.0,55.0,,,,10.0,12.6,14.0,18.8,,2.3
2026-10-07 01:30:36,temp_current_external,,77.0,55.0,,,,10.0,12.6,13.9,18.8,,2.3
2026-10-07 01:31:06,humidity_outdoor,,79.0,55.0,,,,9.9,17.3,13.9,18.8,,2.3
2026-10-07 01:31:36,temp_current_external,,79.0,55.0,,,,10.3,14.6,13.8,18.8,,2.3
2026-10-07 01:32:06,temp_current_external,,80.0,55.0,,,,10.4,11.3,13.6,18.8,,2.3
2026-10-07 01:32:36,temp_current_external,,81.0,55.0,,,,10.3,14.6,13.4,18.8,,2.3
2026-10-07 01:33:06,humidity_outdoor,,83.0,55.0,,,,10.3,13.9,13.4,18.8,,2.3
2026-10-07 01:33:36,windspeed_gust,,83.0,55.0,,,,10.5,13.3,13.4,18.8,,2.3
2026-10-07 01:34:06,temp_current_external,,83.0,55.0,,,,10.5,13.3,13.3,18.8,,2.3
2026-10-07 01:34:36,temp_current_external,,83.0,55.0,,,,10.4,17.9,13.4,18.8,,2.3
2026-10-07 01:35:06,humidity_outdoor,,81.0,55.0,,,,10.3,15.3,13.4,18.8,,6.4
2026-10-07 01:35:36,temp_current_external,,81.0,55.0,,,,10.1,18.6,13.5,18.8,,6.4
2026-10-07 01:36:01,temp_current,,81.0,55.0,,,,10.2,11.9,13.5,18.7,,6.4
2026-10-07 01:36:06,humidity_outdoor,,82.0,55.0,,,,10.2,11.9,13.5,18.7,,6.4
2026-10-07 01:36:36,temp_current_external,,82.0,55.0,,,,10.4,11.3,13.6,18.7,,6.4
2026-10-07 01:37:01,humidity_value,,80.0,56.0,,,,10.2,11.3,13.6,18.7,,6.4
2026-10-07 01:37:06,humidity_outdoor,,79.0,56.0,,,,10.2,11.3,13.6,18.7,,6.4
2026-10-07 01:37:36,temp_current_external,,79.0,56.0,,,,10.0,15.3,13.7,18.7,,6.4
2026-10-07 01:38:01,humidity_value,,79.0,55.0,,,,10.1,6.6,13.7,18.7,,6.4
2026-10-07 01:38:06,temp_current_external,,79.0,55.0,,,,10.1,6.6,13.8,18.7,,6.4
2026-10-07 01:38:36,humidity_outdoor,,80.0,55.0,,,,10.2,6.6,13.8,18.7,,6.4
2026-10-07 01:39:06,temp_current_external,,80.0,55.0,,,,10.4,8.6,13.7,18.7,,6.4
2026-10-07 01:39:31,humidity_value,,80.0,56.0,,,,10.3,5.9,13.7,18.7,,6.4
2026-10-07 01:39:36,humidity_outdoor,,81.0,56.0,,,,10.3,5.9,13.7,18.7,,6.4
2026-10-07 01:40:06,temp_current_external,,81.0,56.0,,,,10.4,5.9,13.6,18.7,,6.4
2026-10-07 01:40:31,temp_current,,81.0,56.0,,,,10.3,4.6,13.6,18.6,,6.4
2026-10-07 01:40:36,feellike_temp,,81.0,56.0,,,,10.3,4.6,13.6,18.6,,6.4
2026-10-07 01:41:06,temp_current_external,,81.0,56.0,,,,10.3,4.6,13.5,18.6,,6.4
2026-10-07 01:41:07,windspeed_gust,,82.0,56.0,,,,10.3,7.3,13.5,18.6,,6.4
2026-10-07 01:41:08,dew_point_temp,,82.0,56.0,,,,10.4,7.3,13.5,18.6,,6.4
2026-10-07 01:41:36,windspeed_gust,,82.0,56.0,,,,10.4,3.9,13.5,18.6,,6.4
2026-10-07 01:42:06,temp_current_external,,82.0,56.0,,,,10.4,3.9,13.4,18.6,,6.4
2026-10-07 01:42:31,temp_current,,82.0,56.0,,,,10.3,5.3,13.4,18.5,,6.4
2026-10-07 01:42:36,windspeed_gust,,82.0,56.0,,,,10.3,0.0,13.4,18.5,,6.4
2026-10-07 01:43:01,temp_current,,82.0,56.0,,,,10.3,0.0,13.4,18.6,,6.4
2026-10-07 01:43:06,humidity_outdoor,,81.0,56.0,,,,10.3,0.0,13.4,18.6,,6.4
2026-10-07 01:43:31,temp_current,,81.0,56.0,,,,10.1,0.0,13.4,18.5,,6.4
2026-10-07 01:43:36,humidity_outdoor,,80.0,56.0,,,,10.1,0.0,13.4,18.5,,6.4
2026-10-07 01:44:06,temp_current_external,,80.0,56.0,,,,10.0,3.9,13.5,18.5,,6.4
2026-10-07 01:44:36,humidity_outdoor,,79.0,56.0,,,,10.1,9.9,13.5,18.5,,6.4
2026-10-07 01:45:06,temp_current_external,,79.0,56.0,,,,9.9,5.9,13.6,18.5,,4.5
2026-10-07 01:45:36,temp_current_external,,79.0,56.0,,,,10.0,5.9,13.7,18.5,,4.5
2026-10-07 01:46:06,windspeed_gust,,78.0,56.0,,,,9.9,6.6,13.7,18.5,,4.5
2026-10-07 01:46:36,temp_current_external,,78.0,56.0,,,,9.9,6.6,13.8,18.5,,4.5
2026-10-07 01:47:06,temp_current_external,,78.0,56.0,,,,10.0,4.6,13.7,18.5,,4.5
2026-10-07 01:47:36,temp_current_external,,79.0,56.0,,,,10.1,3.9,13.8,18.5,,4.5
2026-10-07 01:48:06,humidity_outdoor,,79.0,56.0,,,,10.0,5.9,13.8,18.5,,4.5
2026-10-07 01:48:36,feellike_temp,,79.0,56.0,,,,10.2,5.3,13.8,18.5,,4.5
2026-10-07 01:49:06,feellike_temp,,79.0,56.0,,,,10.2,5.3,13.8,18.5,,4.5
2026-10-07 01:49:36,windspeed_gust,,79.0,56.0,,,,10.2,3.9,13.8,18.5,,4.5
2026-10-07 01:50:01,temp_current,,79.0,56.0,,,,10.2,3.9,13.8,18.4,,4.5
2026-10-07 01:50:05,humidity_outdoor,,80.0,56.0,,,,10.2,3.9,13.8,18.4,,4.5
2026-10-07 01:50:06,dew_point_temp,,80.0,56.0,,,,10.4,7.3,13.8,18.4,,4.5
2026-10-07 01:50:35,temp_current_external,,80.0,56.0,,,,10.4,7.3,13.7,18.4,,4.5
2026-10-07 01:50:36,dew_point_temp,,80.0,56.0,,,,10.3,7.3,13.7,18.4,,4.5
2026-10-07 01:51:01,humidity_value,,80.0,57.0,,,,10.3,7.3,13.7,18.4,,4.5
2026-10-07 01:51:05,temp_current_external,,80.0,57.0,,,,10.3,7.3,13.6,18.4,,4.5
2026-10-07 01:51:06,feellike_temp,,81.0,57.0,,,,10.3,7.9,13.6,18.4,,4.5
2026-10-07 01:51:31,temp_current,,81.0,57.0,,,,10.3,7.9,13.6,18.5,,4.5
2026-10-07 01:51:35,windspeed_gust,,81.0,57.0,,,,10.3,8.6,13.6,18.5,,4.5
2026-10-07 01:51:36,feellike_temp,,81.0,57.0,,,,10.3,8.6,13.6,18.5,,4.5
2026-10-07 01:52:01,temp_current,,81.0,57.0,,,,10.3,8.6,13.6,18.4,,4.5
2026-10-07 01:52:06,temp_current_external,,81.0,57.0,,,,10.3,8.6,13.5,18.4,,4.5
2026-10-07 01:52:35,temp_current_external,,82.0,57.0,,,,10.4,6.6,13.4,18.4,,4.5
2026-10-07 01:52:36,windspeed_gust,,82.0,57.0,,,,10.4,4.6,13.4,18.4,,4.5
2026-10-07 01:53:05,windspeed_gust,,82.0,57.0,,,,10.3,3.9,13.4,18.4,,4.5
2026-10-07 01:53:06,feellike_temp,,82.0,57.0,,,,10.3,3.9,13.4,18.4,,4.5
2026-10-07 01:53:36,windspeed_gust,,82.0,57.0,,,,10.3,0.0,13.4,18.4,,4.5
2026-10-07 01:54:35,temp_current_external,,82.0,57.0,,,,10.3,0.0,13.3,18.4,,4.5
2026-10-07 01:54:36,windspeed_avg,,82.0,57.0,,,,10.3,0.0,13.3,18.4,,3.5
2026-10-07 01:55:01,atmospheric_pressture,,82.0,57.0,,,1007.0,10.2,0.0,13.3,18.4,,3.5
2026-10-07 01:56:36,humidity_outdoor,,83.0,57.0,,,1007.0,10.2,0.0,13.3,18.4,,3.5
2026-10-07 01:57:06,windspeed_gust,,83.0,57.0,,,1007.0,10.4,2.6,13.3,18.4,,3.5
2026-10-07 01:57:36,windspeed_gust,,83.0,57.0,,,1007.0,10.4,3.3,13.3,18.4,,3.5
2026-10-07 01:58:06,humidity_outdoor,,84.0,57.0,,,1007.0,10.4,3.3,13.3,18.4,,3.5
2026-10-07 01:58:36,windspeed_gust,,84.0,57.0,,,1007.0,10.6,7.9,13.3,18.4,,3.5
2026-10-07 01:59:06,feellike_temp,,84.0,57.0,,,1007.0,10.6,7.9,13.3,18.4,,3.5
2026-10-07 01:59:36,humidity_outdoor,,85.0,57.0,,,1007.0,10.6,7.9,13.3,18.4,,3.5
2026-10-07 02:00:06,temp_current_external,,85.0,57.0,,,1007.0,10.8,6.6,13.2,18.4,,3.5
2026-10-07 02:00:36,windspeed_gust,,85.0,57.0,,,1007.0,10.7,3.9,13.2,18.4,,3.5
2026-10-07 02:01:06,windspeed_gust,,85.0,57.0,,,1007.0,10.7,2.6,13.2,18.4,,3.5
2026-10-07 02:01:36,windspeed_gust,,85.0,57.0,,,1007.0,10.7,0.0,13.2,18.4,,3.5
2026-10-07 02:02:36,humidity_outdoor,,86.0,57.0,,,1007.0,10.7,0.0,13.2,18.4,,3.5
2026-10-07 02:03:01,temp_current,,86.0,57.0,,,1007.0,10.9,0.0,13.2,18.3,,3.5
2026-10-07 02:03:06,temp_current_external,,86.0,58.0,,,1007.0,10.9,0.0,13.1,18.3,,3.5
2026-10-07 02:04:35,windspeed_avg,,86.0,58.0,,,1007.0,10.8,0.0,13.1,18.3,,1.4
2026-10-07 02:05:05,windspeed_gust,,86.0,58.0,,,1007.0,10.8,4.6,13.1,18.3,,1.4
2026-10-07 02:05:06,feellike_temp,,86.0,58.0,,,1007.0,10.8,4.6,13.1,18.3,,1.4
2026-10-07 02:05:31,temp_current,,86.0,58.0,,,1007.0,10.8,4.6,13.1,18.4,,1.4
2026-10-07 02:05:35,windspeed_gust,,86.0,58.0,,,1007.0,10.8,5.9,13.1,18.4,,1.4
2026-10-07 02:06:01,temp_current,,86.0,58.0,,,1007.0,10.8,5.9,13.1,18.3,,1.4
2026-10-07 02:06:05,windspeed_gust,,86.0,58.0,,,1007.0,10.8,3.3,13.1,18.3,,1.4
2026-10-07 02:06:06,feellike_temp,,86.0,58.0,,,1007.0,10.8,3.3,13.1,18.3,,1.4
2026-10-07 02:06:35,windspeed_gust,,86.0,58.0,,,1007.0,10.8,2.6,13.1,18.3,,1.4
2026-10-07 02:07:05,windspeed_gust,,86.0,58.0,,,1007.0,10.8,3.9,13.1,18.3,,1.4
2026-10-07 02:07:06,feellike_temp,,86.0,58.0,,,1007.0,10.8,3.9,13.1,18.3,,1.4
2026-10-07 02:07:35,windspeed_gust,,86.0,58.0,,,1007.0,10.8,6.6,13.1,18.3,,1.4
2026-10-07 02:07:36,feellike_temp,,86.0,58.0,,,1007.0,10.8,6.6,13.1,18.3,,1.4
2026-10-07 02:08:05,windspeed_gust,,86.0,58.0,,,1007.0,10.8,4.6,13.1,18.3,,1.4
2026-10-07 02:08:06,feellike_temp,,86.0,58.0,,,1007.0,10.8,4.6,13.1,18.3,,1.4
2026-10-07 02:08:35,windspeed_gust,,86.0,58.0,,,1007.0,10.8,5.3,13.1,18.3,,1.4
2026-10-07 02:08:36,feellike_temp,,86.0,58.0,,,1007.0,10.8,5.3,13.1,18.3,,1.4
2026-10-07 02:09:05,windspeed_gust,,86.0,58.0,,,1007.0,10.8,3.9,13.1,18.3,,1.4
2026-10-07 02:09:06,feellike_temp,,86.0,58.0,,,1007.0,10.8,3.9,13.1,18.3,,1.4
2026-10-07 02:09:36,humidity_outdoor,,85.0,58.0,,,1007.0,10.8,3.9,13.1,18.3,,1.4
2026-10-07 02:10:05,temp_current_external,,85.0,58.0,,,1007.0,10.6,5.9,13.2,18.3,,1.4
2026-10-07 02:10:06,windspeed_gust,,85.0,58.0,,,1007.0,10.6,5.3,13.2,18.3,,1.4
2026-10-07 02:10:35,temp_current_external,,85.0,58.0,,,1007.0,10.7,5.3,13.1,18.3,,1.4
2026-10-07 02:10:36,windspeed_gust,,85.0,58.0,,,1007.0,10.7,3.9,13.1,18.3,,1.4
2026-10-07 02:11:06,windspeed_gust,,85.0,58.0,,,1007.0,10.6,2.6,13.1,18.3,,1.4
2026-10-07 02:11:36,windspeed_gust,,85.0,58.0,,,1007.0,10.6,3.9,13.1,18.3,,1.4
2026-10-07 02:12:06,windspeed_gust,,85.0,58.0,,,1007.0,10.6,1.3,13.1,18.3,,1.4
2026-10-07 02:12:36,windspeed_gust,,85.0,58.0,,,1007.0,10.6,0.0,13.1,18.3,,1.4
2026-10-07 02:13:36,windspeed_gust,,85.0,58.0,,,1007.0,10.6,1.9,13.1,18.3,,1.4
2026-10-07 02:14:06,windspeed_gust,,85.0,58.0,,,1007.0,10.6,3.3,13.1,18.3,,1.4
2026-10-07 02:14:35,temp_current_external,,85.0,58.0,,,1007.0,10.6,3.3,13.2,18.3,,1.4
2026-10-07 02:14:36,dew_point_temp,,85.0,58.0,,,1007.0,10.7,7.9,13.2,18.3,,2.0
2026-10-07 02:15:06,windspeed_gust,,85.0,58.0,,,1007.0,10.7,6.6,13.2,18.3,,2.0
2026-10-07 02:15:35,windspeed_gust,,85.0,58.0,,,1007.0,10.7,4.6,13.2,18.3,,2.0
2026-10-07 02:15:36,feellike_temp,,85.0,58.0,,,1007.0,10.7,4.6,13.2,18.3,,2.0
2026-10-07 02:16:06,windspeed_gust,,85.0,58.0,,,1007.0,10.7,6.6,13.2,18.3,,2.0
2026-10-07 02:16:35,windspeed_gust,,85.0,58.0,,,1007.0,10.7,5.9,13.2,18.3,,2.0
2026-10-07 02:16:36,feellike_temp,,85.0,58.0,,,1007.0,10.7,5.9,13.2,18.3,,2.0
2026-10-07 02:17:05,temp_current_external,,85.0,58.0,,,1007.0,10.7,5.9,13.3,18.3,,2.0
2026-10-07 02:17:06,dew_point_temp,,85.0,58.0,,,1007.0,10.8,3.3,13.3,18.3,,2.0
2026-10-07 02:17:35,temp_current_external,,85.0,58.0,,,1007.0,10.8,3.3,13.2,18.3,,2.0
2026-10-07 02:17:36,dew_point_temp,,85.0,58.0,,,1007.0,10.7,3.9,13.2,18.3,,2.0
2026-10-07 02:18:05,temp_current_external,,85.0,58.0,,,1007.0,10.7,3.9,13.3,18.3,,2.0
2026-10-07 02:18:06,dew_point_temp,,85.0,58.0,,,1007.0,10.8,5.9,13.3,18.3,,2.0
2026-10-07 02:18:35,windspeed_gust,,85.0,58.0,,,1007.0,10.8,7.3,13.3,18.3,,2.0
2026-10-07 02:18:36,feellike_temp,,85.0,58.0,,,1007.0,10.8,7.3,13.3,18.3,,2.0
2026-10-07 02:19:01,temp_current,,85.0,58.0,,,1007.0,10.8,7.3,13.3,18.2,,2.0
2026-10-07 02:19:05,windspeed_gust,,85.0,58.0,,,1007.0,10.8,4.6,13.3,18.2,,2.0
2026-10-07 02:19:31,temp_current,,85.0,58.0,,,1007.0,10.8,4.6,13.3,18.3,,2.0
2026-10-07 02:20:01,temp_current,,85.0,58.0,,,1007.0,10.8,4.6,13.3,18.2,,2.0
2026-10-07 02:20:06,windspeed_gust,,85.0,58.0,,,1007.0,10.8,5.3,13.3,18.2,,2.0
2026-10-07 02:20:35,temp_current_external,,85.0,58.0,,,1007.0,10.8,5.3,13.2,18.2,,2.0
2026-10-07 02:20:36,dew_point_temp,,85.0,58.0,,,1007.0,10.7,5.3,13.2,18.2,,2.0
2026-10-07 02:21:05,windspeed_gust,,85.0,58.0,,,1007.0,10.7,5.9,13.2,18.2,,2.0
2026-10-07 02:21:06,feellike_temp,,85.0,58.0,,,1007.0,10.7,5.9,13.2,18.2,,2.0
2026-10-07 02:21:35,windspeed_gust,,85.0,58.0,,,1007.0,10.7,4.6,13.2,18.2,,2.0
2026-10-07 02:22:01,temp_current,,85.0,58.0,,,1007.0,10.7,4.6,13.2,18.3,,2.0
2026-10-07 02:22:05,windspeed_gust,,85.0,58.0,,,1007.0,10.7,5.3,13.2,18.3,,2.0
2026-10-07 02:22:06,feellike_temp,,85.0,58.0,,,1007.0,10.7,5.3,13.2,18.3,,2.0
2026-10-07 02:22:31,temp_current,,85.0,58.0,,,1007.0,10.7,5.3,13.2,18.2,,2.0
2026-10-07 02:22:36,humidity_outdoor,,86.0,58.0,,,1007.0,10.7,5.3,13.2,18.2,,2.0
2026-10-07 02:23:05,windspeed_gust,,86.0,58.0,,,1007.0,10.9,5.3,13.2,18.2,,2.0
2026-10-07 02:23:06,feellike_temp,,86.0,58.0,,,1007.0,10.9,5.3,13.2,18.2,,2.0
2026-10-07 02:23:31,temp_current,,86.0,58.0,,,1007.0,10.9,5.3,13.2,18.3,,2.0
2026-10-07 02:23:35,windspeed_gust,,86.0,58.0,,,1007.0,10.9,4.6,13.2,18.3,,2.0
2026-10-07 02:23:36,feellike_temp,,86.0,58.0,,,1007.0,10.9,4.6,13.2,18.3,,2.0
2026-10-07 02:24:01,temp_current,,86.0,58.0,,,1007.0,10.9,4.6,13.2,18.2,,2.0
2026-10-07 02:24:05,temp_current_external,,86.0,58.0,,,1007.0,10.9,4.6,13.1,18.2,,2.0
2026-10-07 02:24:06,windspeed_gust,,86.0,58.0,,,1007.0,10.9,5.3,13.1,18.2,,2.0
2026-10-07 02:24:31,humidity_value,,86.0,59.0,,,1007.0,10.8,5.3,13.1,18.2,,2.0
2026-10-07 02:24:35,windspeed_avg,,86.0,59.0,,,1007.0,10.8,5.3,13.1,18.2,,3.6
2026-10-07 02:24:36,windspeed_gust,,86.0,59.0,,,1007.0,10.8,4.6,13.1,18.2,,3.6
2026-10-07 02:25:01,humidity_value,,86.0,58.0,,,1007.0,10.8,4.6,13.1,18.2,,3.6
2026-10-07 02:25:05,temp_current_external,,86.0,58.0,,,1007.0,10.8,4.6,13.2,18.2,,3.6
2026-10-07 02:25:06,windspeed_gust,,86.0,58.0,,,1007.0,10.8,5.9,13.2,18.2,,3.6
2026-10-07 02:25:35,temp_current_external,,86.0,58.0,,,1007.0,10.9,5.9,13.1,18.2,,3.6
2026-10-07 02:25:36,windspeed_gust,,86.0,58.0,,,1007.0,10.9,3.9,13.1,18.2,,3.6
2026-10-07 02:26:01,humidity_value,,86.0,59.0,,,1007.0,10.8,3.9,13.1,18.2,,3.6
2026-10-07 02:26:05,windspeed_gust,,86.0,59.0,,,1007.0,10.8,7.9,13.1,18.2,,3.6
2026-10-07 02:26:06,feellike_temp,,86.0,59.0,,,1007.0,10.8,7.9,13.1,18.2,,3.6
2026-10-07 02:26:35,windspeed_gust,,86.0,59.0,,,1007.0,10.8,7.3,13.1,18.2,,3.6
2026-10-07 02:26:36,feellike_temp,,86.0,59.0,,,1007.0,10.8,7.3,13.1,18.2,,3.6
2026-10-07 02:27:01,temp_current,,86.0,59.0,,,1007.0,10.8,7.3,13.1,18.3,,3.6
2026-10-07 02:27:06,windspeed_gust,,86.0,59.0,,,1007.0,10.8,5.9,13.1,18.3,,3.6
2026-10-07 02:27:31,temp_current,,86.0,59.0,,,1007.0,10.8,5.9,13.1,18.2,,3.6
2026-10-07 02:27:36,windspeed_gust,,86.0,59.0,,,1007.0,10.8,7.3,13.1,18.2,,3.6
2026-10-07 02:28:05,windspeed_gust,,86.0,59.0,,,1007.0,10.8,2.6,13.1,18.2,,3.6
2026-10-07 02:28:06,feellike_temp,,86.0,59.0,,,1007.0,10.8,2.6,13.1,18.2,,3.6
2026-10-07 02:28:31,humidity_value,,86.0,58.0,,,1007.0,10.8,2.6,13.1,18.2,,3.6
2026-10-07 02:28:36,temp_current_external,,86.0,58.0,,,1007.0,10.8,2.6,13.0,18.2,,3.6
2026-10-07 02:29:01,humidity_value,,86.0,59.0,,,1007.0,10.7,6.6,13.0,18.2,,3.6
2026-10-07 02:29:06,feellike_temp,,86.0,59.0,,,1007.0,10.7,6.6,13.0,18.2,,3.6
2026-10-07 02:29:36,windspeed_gust,,86.0,59.0,,,1007.0,10.7,5.9,13.0,18.2,,3.6
2026-10-07 02:30:06,feellike_temp,,86.0,59.0,,,1007.0,10.7,5.9,13.0,18.2,,3.6
2026-10-07 02:30:35,windspeed_gust,,86.0,59.0,,,1007.0,10.7,6.6,13.0,18.2,,3.6
2026-10-07 02:30:36,feellike_temp,,86.0,59.0,,,1007.0,10.7,6.6,13.0,18.2,,3.6
2026-10-07 02:31:06,windspeed_gust,,86.0,59.0,,,1007.0,10.7,5.3,13.0,18.2,,3.6
2026-10-07 02:31:31,temp_current,,86.0,59.0,,,1007.0,10.7,5.3,13.0,18.1,,3.6
2026-10-07 02:31:36,feellike_temp,,86.0,59.0,,,1007.0,10.7,5.3,13.0,18.1,,3.6
2026-10-07 02:32:01,temp_current,,86.0,59.0,,,1007.0,10.7,5.3,13.0,18.2,,3.6
2026-10-07 02:32:05,windspeed_gust,,86.0,59.0,,,1007.0,10.7,3.3,13.0,18.2,,3.6
2026-10-07 02:32:36,windspeed_gust,,86.0,59.0,,,1007.0,10.7,0.0,13.0,18.2,,3.6
2026-10-07 02:34:05,windspeed_gust,,86.0,59.0,,,1007.0,10.7,0.6,13.0,18.2,,3.6
2026-10-07 02:34:35,windspeed_avg,,86.0,59.0,,,1007.0,10.7,0.6,13.0,18.2,,2.5
2026-10-07 02:34:36,feellike_temp,,86.0,59.0,,,1007.0,10.7,0.6,13.0,18.2,,2.5
2026-10-07 02:35:01,temp_current,,86.0,59.0,,,1007.0,10.7,0.6,13.0,18.1,,2.5
2026-10-07 02:35:05,windspeed_gust,,86.0,59.0,,,1007.0,10.7,6.6,13.0,18.1,,2.5
2026-10-07 02:35:06,feellike_temp,,86.0,59.0,,,1007.0,10.7,6.6,13.0,18.1,,2.5
2026-10-07 02:35:35,windspeed_gust,,86.0,59.0,,,1007.0,10.7,5.3,13.0,18.1,,2.5
2026-10-07 02:35:36,feellike_temp,,86.0,59.0,,,1007.0,10.7,5.3,13.0,18.1,,2.5
2026-10-07 02:36:01,temp_current,,86.0,59.0,,,1007.0,10.7,5.3,13.0,18.2,,2.5
2026-10-07 02:36:05,windspeed_gust,,86.0,59.0,,,1007.0,10.7,3.9,13.0,18.2,,2.5
2026-10-07 02:36:06,feellike_temp,,86.0,59.0,,,1007.0,10.7,3.9,13.0,18.2,,2.5
2026-10-07 02:36:31,temp_current,,86.0,59.0,,,1007.0,10.7,3.9,13.0,18.1,,2.5
2026-10-07 02:36:35,windspeed_gust,,86.0,59.0,,,1007.0,10.7,1.9,13.0,18.1,,2.5
2026-10-07 02:36:36,feellike_temp,,86.0,59.0,,,1007.0,10.7,1.9,13.0,18.1,,2.5
2026-10-07 02:37:05,windspeed_gust,,86.0,59.0,,,1007.0,10.7,2.6,13.0,18.1,,2.5
2026-10-07 02:37:06,feellike_temp,,86.0,59.0,,,1007.0,10.7,2.6,13.0,18.1,,2.5
2026-10-07 02:37:35,windspeed_gust,,86.0,59.0,,,1007.0,10.7,4.6,13.0,18.1,,2.5
2026-10-07 02:37:36,feellike_temp,,86.0,59.0,,,1007.0,10.7,4.6,13.0,18.1,,2.5
2026-10-07 02:38:01,temp_current,,86.0,59.0,,,1007.0,10.7,4.6,13.0,18.2,,2.5
2026-10-07 02:38:05,windspeed_gust,,86.0,59.0,,,1007.0,10.7,3.9,13.0,18.2,,2.5
2026-10-07 02:38:06,feellike_temp,,86.0,59.0,,,1007.0,10.7,3.9,13.0,18.2,,2.5
2026-10-07 02:38:35,windspeed_gust,,86.0,59.0,,,1007.0,10.7,1.9,13.0,18.2,,2.5
2026-10-07 02:39:01,temp_current,,86.0,59.0,,,1007.0,10.7,1.9,13.0,18.1,,2.5
2026-10-07 02:39:05,windspeed_gust,,86.0,59.0,,,1007.0,10.7,0.0,13.0,18.1,,2.5
2026-10-07 02:39:31,temp_current,,86.0,59.0,,,1007.0,10.7,0.0,13.0,18.2,,2.5
2026-10-07 02:40:01,temp_current,,86.0,59.0,,,1007.0,10.7,0.0,13.0,18.1,,2.5
2026-10-07 02:41:05,temp_current_external,,86.0,59.0,,,1007.0,10.7,0.0,12.9,18.1,,2.5
2026-10-07 02:41:06,dew_point_temp,,86.0,59.0,,,1007.0,10.6,0.0,12.9,18.1,,2.5
2026-10-07 02:42:06,humidity_outdoor,,87.0,59.0,,,1007.0,10.6,0.0,12.9,18.1,,2.5
2026-10-07 02:42:31,temp_current,,87.0,59.0,,,1007.0,10.7,0.0,12.9,18.0,,2.5
2026-10-07 02:42:35,windspeed_gust,,87.0,59.0,,,1007.0,10.7,3.3,12.9,18.0,,2.5
2026-10-07 02:43:01,temp_current,,87.0,59.0,,,1007.0,10.7,3.3,12.9,18.1,,2.5
2026-10-07 02:43:36,windspeed_gust,,87.0,59.0,,,1007.0,10.7,0.0,12.9,18.1,,2.5
2026-10-07 02:44:31,temp_current,,87.0,59.0,,,1007.0,10.7,0.0,12.9,18.0,,2.5
2026-10-07 02:44:35,windspeed_avg,,87.0,59.0,,,1007.0,10.7,0.0,12.9,18.0,,0.7
2026-10-07 02:45:05,windspeed_gust,,87.0,59.0,,,1007.0,10.7,2.6,12.9,18.0,,0.7
2026-10-07 02:45:35,temp_current_external,,87.0,59.0,,,1007.0,10.7,2.6,12.8,18.0,,0.7
2026-10-07 02:45:36,dew_point_temp,,87.0,59.0,,,1007.0,10.6,0.0,12.8,18.0,,0.7
2026-10-07 02:48:35,humidity_outdoor,,88.0,59.0,,,1007.0,10.6,0.0,12.8,18.0,,0.7
2026-10-07 02:48:36,dew_point_temp,,88.0,59.0,,,1007.0,10.8,0.0,12.8,18.0,,0.7
2026-10-07 02:50:35,temp_current_external,,88.0,59.0,,,1007.0,10.8,0.0,12.7,18.0,,0.7
2026-10-07 02:50:36,dew_point_temp,,88.0,59.0,,,1007.0,10.7,0.0,12.7,18.0,,0.7
2026-10-07 02:51:35,temp_current_external,,88.0,59.0,,,1007.0,10.7,0.0,12.8,18.0,,0.7
2026-10-07 02:51:36,dew_point_temp,,87.0,59.0,,,1007.0,10.6,0.0,12.8,18.0,,0.7
2026-10-07 02:52:05,humidity_outdoor,,88.0,59.0,,,1007.0,10.6,0.0,12.8,18.0,,0.7
2026-10-07 02:52:06,dew_point_temp,,88.0,59.0,,,1007.0,10.8,0.0,12.8,18.0,,0.7
2026-10-07 02:54:35,windspeed_avg,,88.0,59.0,,,1007.0,10.8,0.0,12.8,18.0,,0.0
2026-10-07 02:55:01,atmospheric_pressture,,88.0,59.0,,,1007.0,10.8,0.0,12.8,18.0,,0.0
2026-10-07 02:55:31,humidity_value,,88.0,60.0,,,1007.0,10.8,0.0,12.8,18.0,,0.0
2026-10-07 02:56:31,humidity_value,,88.0,59.0,,,1007.0,10.8,0.0,12.8,18.0,,0.0
2026-10-07 02:57:01,humidity_value,,88.0,60.0,,,1007.0,10.8,0.0,12.8,18.0,,0.0
2026-10-07 02:58:35,temp_current_external,,88.0,60.0,,,1007.0,10.8,0.0,12.7,18.0,,0.0
2026-10-07 02:58:36,dew_point_temp,,88.0,60.0,,,1007.0,10.7,0.0,12.7,18.0,,0.0
2026-10-07 02:59:05,temp_current_external,,88.0,60.0,,,1007.0,10.7,0.0,12.8,18.0,,0.0
2026-10-07 02:59:06,dew_point_temp,,88.0,60.0,,,1007.0,10.8,0.0,12.8,18.0,,0.0
2026-10-07 02:59:35,temp_current_external,,88.0,60.0,,,1007.0,10.8,0.0,12.7,18.0,,0.0
2026-10-07 02:59:36,dew_point_temp,,88.0,60.0,,,1007.0,10.7,0.0,12.7,18.0,,0.0
2026-10-07 03:00:05,rain_24h,,88.0,60.0,0.0,,1007.0,10.7,0.0,12.7,18.0,,0.0
2026-10-07 03:03:35,temp_current_external,,88.0,60.0,0.0,,1007.0,10.7,0.0,12.6,18.0,,0.0
2026-10-07 03:03:36,dew_point_temp,,88.0,60.0,0.0,,1007.0,10.6,0.0,12.6,18.0,,0.0
2026-10-07 03:06:31,temp_current,,88.0,60.0,0.0,,1007.0,10.6,0.0,12.6,17.9,,0.0
2026-10-07 03:07:01,temp_current,,88.0,60.0,0.0,,1007.0,10.6,0.0,12.6,18.0,,0.0
2026-10-07 03:07:05,humidity_outdoor,,89.0,60.0,0.0,,1007.0,10.6,0.0,12.6,18.0,,0.0
2026-10-07 03:07:06,dew_point_temp,,89.0,60.0,0.0,,1007.0,10.8,0.0,12.6,18.0,,0.0
2026-10-07 03:12:05,temp_current_external,,89.0,60.0,0.0,,1007.0,10.8,0.0,12.7,18.0,,0.0
2026-10-07 03:12:06,dew_point_temp,,89.0,60.0,0.0,,1007.0,10.9,0.0,12.7,18.0,,0.0
2026-10-07 03:12:31,temp_current,,89.0,60.0,0.0,,1007.0,10.9,0.0,12.7,17.9,,0.0
2026-10-07 03:12:35,temp_current_external,,89.0,60.0,0.0,,1007.0,10.9,0.0,12.6,17.9,,0.0
2026-10-07 03:12:36,dew_point_temp,,89.0,60.0,0.0,,1007.0,10.8,0.0,12.6,17.9,,0.0
2026-10-07 03:15:35,temp_current_external,,89.0,60.0,0.0,,1007.0,10.8,0.0,12.7,17.9,,0.0
2026-10-07 03:15:36,dew_point_temp,,89.0,60.0,0.0,,1007.0,10.9,0.0,12.7,17.9,,0.0
2026-10-07 03:16:05,temp_current_external,,89.0,60.0,0.0,,1007.0,10.9,0.0,12.6,17.9,,0.0
2026-10-07 03:16:06,dew_point_temp,,89.0,60.0,0.0,,1007.0,10.8,0.0,12.6,17.9,,0.0
2026-10-07 03:17:05,temp_current_external,,89.0,60.0,0.0,,1007.0,10.8,0.0,12.7,17.9,,0.0
2026-10-07 03:17:06,dew_point_temp,,89.0,60.0,0.0,,1007.0,10.9,0.0,12.7,17.9,,0.0
2026-10-07 03:17:31,temp_current,,89.0,60.0,0.0,,1007.0,10.9,0.0,12.7,18.0,,0.0
2026-10-07 03:18:01,temp_current,,89.0,60.0,0.0,,1007.0,10.9,0.0,12.7,17.9,,0.0
2026-10-07 03:19:01,temp_current,,89.0,60.0,0.0,,1007.0,10.9,0.0,12.7,18.0,,0.0
2026-10-07 03:19:05,temp_current_external,,89.0,60.0,0.0,,1007.0,10.9,0.0,12.8,18.0,,0.0
2026-10-07 03:19:06,dew_point_temp,,89.0,60.0,0.0,,1007.0,11.0,0.0,12.8,18.0,,0.0
2026-10-07 03:19:31,temp_current,,89.0,60.0,0.0,,1007.0,11.0,0.0,12.8,17.9,,0.0
2026-10-07 03:19:35,temp_current_external,,89.0,60.0,0.0,,1007.0,11.0,0.0,12.7,17.9,,0.0
2026-10-07 03:19:36,dew_point_temp,,89.0,60.0,0.0,,1007.0,10.9,0.0,12.7,17.9,,0.0
2026-10-07 03:20:01,temp_current,,89.0,60.0,0.0,,1007.0,10.9,0.0,12.7,18.0,,0.0
2026-10-07 03:20:31,temp_current,,89.0,60.0,0.0,,1007.0,10.9,0.0,12.7,17.9,,0.0
2026-10-07 03:23:31,temp_current,,89.0,60.0,0.0,,1007.0,10.9,0.0,12.7,18.0,,0.0
2026-10-07 03:24:01,temp_current,,89.0,60.0,0.0,,1007.0,10.9,0.0,12.7,17.9,,0.0
2026-10-07 03:24:35,temp_current_external,,89.0,60.0,0.0,,1007.0,10.9,0.0,12.6,17.9,,0.0
2026-10-07 03:24:36,dew_point_temp,,89.0,60.0,0.0,,1007.0,10.8,0.0,12.6,17.9,,0.0
2026-10-07 03:26:05,temp_current_external,,89.0,60.0,0.0,,1007.0,10.8,0.0,12.7,17.9,,0.0
2026-10-07 03:26:06,dew_point_temp,,89.0,60.0,0.0,,1007.0,10.9,0.0,12.7,17.9,,0.0
2026-10-07 03:26:35,temp_current_external,,89.0,60.0,0.0,,1007.0,10.9,0.0,12.6,17.9,,0.0
2026-10-07 03:26:36,dew_point_temp,,89.0,60.0,0.0,,1007.0,10.8,0.0,12.6,17.9,,0.0
2026-10-07 03:30:35,temp_current_external,,89.0,60.0,0.0,,1007.0,10.8,0.0,12.7,17.9,,0.0
2026-10-07 03:30:36,dew_point_temp,,89.0,60.0,0.0,,1007.0,10.9,0.0,12.7,17.9,,0.0
2026-10-07 03:31:05,temp_current_external,,89.0,60.0,0.0,,1007.0,10.9,0.0,12.6,17.9,,0.0
2026-10-07 03:31:06,dew_point_temp,,89.0,60.0,0.0,,1007.0,10.8,0.0,12.6,17.9,,0.0
2026-10-07 03:32:05,humidity_outdoor,,88.0,60.0,0.0,,1007.0,10.8,0.0,12.6,17.9,,0.0
2026-10-07 03:32:06,dew_point_temp,,88.0,60.0,0.0,,1007.0,10.6,0.0,12.6,17.9,,0.0
2026-10-07 03:32:35,temp_current_external,,88.0,60.0,0.0,,1007.0,10.6,0.0,12.7,17.9,,0.0
2026-10-07 03:32:36,dew_point_temp,,88.0,60.0,0.0,,1007.0,10.7,0.0,12.7,17.9,,0.0
2026-10-07 03:33:05,temp_current_external,,88.0,60.0,0.0,,1007.0,10.7,0.0,12.6,17.9,,0.0
2026-10-07 03:33:06,dew_point_temp,,88.0,60.0,0.0,,1007.0,10.6,0.0,12.6,17.9,,0.0
2026-10-07 03:33:35,temp_current_external,,88.0,60.0,0.0,,1007.0,10.6,0.0,12.7,17.9,,0.0
2026-10-07 03:33:36,dew_point_temp,,88.0,60.0,0.0,,1007.0,10.7,0.0,12.7,17.9,,0.0
2026-10-07 03:34:05,temp_current_external,,88.0,60.0,0.0,,1007.0,10.7,0.0,12.6,17.9,,0.0
2026-10-07 03:34:06,dew_point_temp,,88.0,60.0,0.0,,1007.0,10.6,0.0,12.6,17.9,,0.0
2026-10-07 03:34:35,temp_current_external,,88.0,60.0,0.0,,1007.0,10.6,0.0,12.7,17.9,,0.0
2026-10-07 03:34:36,dew_point_temp,,88.0,60.0,0.0,,1007.0,10.7,0.0,12.7,17.9,,0.0
2026-10-07 03:36:35,temp_current_external,,88.0,60.0,0.0,,1007.0,10.7,0.0,12.6,17.9,,0.0
2026-10-07 03:36:36,dew_point_temp,,88.0,60.0,0.0,,1007.0,10.6,0.0,12.6,17.9,,0.0
2026-10-07 03:37:35,windspeed_gust,,88.0,60.0,0.0,,1007.0,10.6,3.9,12.6,17.9,,0.0
2026-10-07 03:38:05,windspeed_gust,,88.0,60.0,0.0,,1007.0,10.6,4.6,12.6,17.9,,0.0
2026-10-07 03:38:06,feellike_temp,,88.0,60.0,0.0,,1007.0,10.6,4.6,12.6,17.9,,0.0
2026-10-07 03:38:35,windspeed_gust,,88.0,60.0,0.0,,1007.0,10.6,3.3,12.6,17.9,,0.0
2026-10-07 03:38:36,feellike_temp,,88.0,60.0,0.0,,1007.0,10.6,3.3,12.6,17.9,,0.0
2026-10-07 03:39:05,windspeed_gust,,88.0,60.0,0.0,,1007.0,10.6,0.0,12.6,17.9,,0.0
2026-10-07 03:39:31,temp_current,,88.0,60.0,0.0,,1007.0,10.6,0.0,12.6,17.8,,0.0
2026-10-07 03:40:05,windspeed_gust,,88.0,60.0,0.0,,1007.0,10.6,0.6,12.6,17.8,,0.0
2026-10-07 03:40:35,windspeed_gust,,88.0,60.0,0.0,,1007.0,10.6,1.3,12.6,17.8,,0.0
2026-10-07 03:41:01,humidity_value,,88.0,61.0,0.0,,1007.0,10.6,1.3,12.6,17.8,,0.0
2026-10-07 03:41:05,temp_current_external,,88.0,61.0,0.0,,1007.0,10.6,1.3,12.7,17.8,,0.0
2026-10-07 03:41:06,dew_point_temp,,88.0,61.0,0.0,,1007.0,10.7,0.6,12.7,17.8,,0.0
2026-10-07 03:41:31,humidity_value,,88.0,60.0,0.0,,1007.0,10.7,0.6,12.7,17.8,,0.0
2026-10-07 03:41:35,temp_current_external,,88.0,60.0,0.0,,1007.0,10.7,0.6,12.6,17.8,,0.0
2026-10-07 03:41:36,dew_point_temp,,88.0,60.0,0.0,,1007.0,10.6,1.3,12.6,17.8,,0.0
2026-10-07 03:42:05,temp_current_external,,88.0,60.0,0.0,,1007.0,10.6,1.3,12.7,17.8,,0.0
2026-10-07 03:42:06,dew_point_temp,,87.0,60.0,0.0,,1007.0,10.5,1.3,12.7,17.8,,0.0
2026-10-07 03:42:31,humidity_value,,87.0,61.0,0.0,,1007.0,10.5,1.3,12.7,17.8,,0.0
2026-10-07 03:42:35,windspeed_gust,,87.0,61.0,0.0,,1007.0,10.5,2.6,12.7,17.8,,0.0
2026-10-07 03:43:01,humidity_value,,87.0,60.0,0.0,,1007.0,10.5,2.6,12.7,17.8,,0.0
2026-10-07 03:43:05,windspeed_gust,,87.0,60.0,0.0,,1007.0,10.5,4.6,12.7,17.8,,0.0
2026-10-07 03:43:06,feellike_temp,,87.0,60.0,0.0,,1007.0,10.5,4.6,12.7,17.8,,0.0
2026-10-07 03:43:35,windspeed_gust,,87.0,60.0,0.0,,1007.0,10.5,5.3,12.7,17.8,,0.0
2026-10-07 03:43:36,feellike_temp,,87.0,60.0,0.0,,1007.0,10.5,5.3,12.7,17.8,,0.0
2026-10-07 03:44:01,humidity_value,,87.0,61.0,0.0,,1007.0,10.5,5.3,12.7,17.8,,0.0
2026-10-07 03:44:06,feellike_temp,,87.0,61.0,0.0,,1007.0,10.5,5.3,12.7,17.8,,0.0
2026-10-07 03:44:31,humidity_value,,87.0,60.0,0.0,,1007.0,10.5,5.3,12.7,17.8,,0.0
2026-10-07 03:44:35,windspeed_avg,,87.0,60.0,0.0,,1007.0,10.5,5.3,12.7,17.8,,0.6
2026-10-07 03:44:36,feellike_temp,,87.0,60.0,0.0,,1007.0,10.5,7.9,12.7,17.8,,0.6
2026-10-07 03:45:05,temp_current_external,,87.0,60.0,0.0,,1007.0,10.5,7.9,12.8,17.8,,0.6
2026-10-07 03:45:06,dew_point_temp,,87.0,60.0,0.0,,1007.0,10.6,5.9,12.8,17.8,,0.6
2026-10-07 03:45:35,temp_current_external,,87.0,60.0,0.0,,1007.0,10.6,5.9,12.7,17.8,,0.6
2026-10-07 03:45:36,dew_point_temp,,87.0,60.0,0.0,,1007.0,10.5,5.3,12.7,17.8,,0.6
2026-10-07 03:46:05,windspeed_gust,,87.0,60.0,0.0,,1007.0,10.5,4.6,12.7,17.8,,0.6
2026-10-07 03:46:06,feellike_temp,,87.0,60.0,0.0,,1007.0,10.5,4.6,12.7,17.8,,0.6
2026-10-07 03:46:31,temp_current,,87.0,60.0,0.0,,1007.0,10.5,4.6,12.7,17.7,,0.6
2026-10-07 03:46:35,windspeed_gust,,87.0,60.0,0.0,,1007.0,10.5,5.3,12.7,17.7,,0.6
2026-10-07 03:46:36,feellike_temp,,87.0,60.0,0.0,,1007.0,10.5,5.3,12.7,17.7,,0.6
2026-10-07 03:47:01,temp_current,,87.0,60.0,0.0,,1007.0,10.5,5.3,12.7,17.8,,0.6
2026-10-07 03:47:05,windspeed_gust,,87.0,60.0,0.0,,1007.0,10.5,2.6,12.7,17.8,,0.6
2026-10-07 03:47:06,feellike_temp,,87.0,60.0,0.0,,1007.0,10.5,2.6,12.7,17.8,,0.6
2026-10-07 03:47:31,humidity_value,,87.0,61.0,0.0,,1007.0,10.5,2.6,12.7,17.8,,0.6
2026-10-07 03:47:35,windspeed_gust,,87.0,61.0,0.0,,1007.0,10.5,8.6,12.7,17.8,,0.6
2026-10-07 03:47:36,feellike_temp,,87.0,61.0,0.0,,1007.0,10.5,8.6,12.7,17.8,,0.6
2026-10-07 03:48:05,windspeed_gust,,87.0,61.0,0.0,,1007.0,10.5,9.9,12.7,17.8,,0.6
2026-10-07 03:48:06,feellike_temp,,87.0,61.0,0.0,,1007.0,10.5,9.9,12.7,17.8,,0.6
2026-10-07 03:48:31,temp_current,,87.0,61.0,0.0,,1007.0,10.5,9.9,12.7,17.7,,0.6
2026-10-07 03:48:35,temp_current_external,,87.0,61.0,0.0,,1007.0,10.5,9.9,12.6,17.7,,0.6
2026-10-07 03:48:36,dew_point_temp,,88.0,61.0,0.0,,1007.0,10.6,11.3,12.6,17.7,,0.6
2026-10-07 03:49:05,windspeed_gust,,88.0,61.0,0.0,,1007.0,10.6,8.6,12.6,17.7,,0.6
2026-10-07 03:49:35,windspeed_gust,,88.0,61.0,0.0,,1007.0,10.6,9.3,12.6,17.7,,0.6
2026-10-07 03:49:36,feellike_temp,,88.0,61.0,0.0,,1007.0,10.6,9.3,12.6,17.7,,0.6
2026-10-07 03:50:05,temp_current_external,,88.0,61.0,0.0,,1007.0,10.6,9.3,12.5,17.7,,0.6
2026-10-07 03:50:06,dew_point_temp,,88.0,61.0,0.0,,1007.0,10.5,11.3,12.5,17.7,,0.6
2026-10-07 03:50:35,humidity_outdoor,,89.0,61.0,0.0,,1007.0,10.5,11.3,12.5,17.7,,0.6
2026-10-07 03:50:36,dew_point_temp,,89.0,61.0,0.0,,1007.0,10.7,9.9,12.5,17.7,,0.6
2026-10-07 03:51:35,temp_current_external,,89.0,61.0,0.0,,1007.0,10.7,9.9,12.4,17.7,,0.6
2026-10-07 03:51:36,dew_point_temp,,89.0,61.0,0.0,,1007.0,10.6,9.3,12.4,17.7,,0.6
2026-10-07 03:52:05,temp_current_external,,89.0,61.0,0.0,,1007.0,10.6,9.3,12.5,17.7,,0.6
2026-10-07 03:52:06,dew_point_temp,,89.0,61.0,0.0,,1007.0,10.7,10.6,12.5,17.7,,0.6
2026-10-07 03:52:36,feellike_temp,,89.0,61.0,0.0,,1007.0,10.7,10.6,12.5,17.7,,0.6
2026-10-07 03:53:05,windspeed_gust,,89.0,61.0,0.0,,1007.0,10.7,9.3,12.5,17.7,,0.6
2026-10-07 03:53:06,feellike_temp,,89.0,61.0,0.0,,1007.0,10.7,9.3,12.5,17.7,,0.6
2026-10-07 03:53:35,windspeed_gust,,89.0,61.0,0.0,,1007.0,10.7,8.6,12.5,17.7,,0.6
2026-10-07 03:53:36,feellike_temp,,89.0,61.0,0.0,,1007.0,10.7,8.6,12.5,17.7,,0.6
2026-10-07 03:54:05,humidity_outdoor,,88.0,61.0,0.0,,1007.0,10.7,8.6,12.5,17.7,,0.6
2026-10-07 03:54:06,dew_point_temp,,88.0,61.0,0.0,,1007.0,10.5,7.3,12.5,17.7,,0.6
2026-10-07 03:54:35,temp_current_external,,88.0,61.0,0.0,,1007.0,10.5,7.3,12.6,17.7,,0.6
2026-10-07 03:54:36,dew_point_temp,,88.0,61.0,0.0,,1007.0,10.6,2.6,12.6,17.7,,5.5
2026-10-07 03:55:01,atmospheric_pressture,,88.0,61.0,0.0,,1007.0,10.6,2.6,12.6,17.7,,5.5
2026-10-07 03:55:05,temp_current_external,,88.0,61.0,0.0,,1007.0,10.6,2.6,12.5,17.7,,5.5
2026-10-07 03:55:06,dew_point_temp,,88.0,61.0,0.0,,1007.0,10.5,0.0,12.5,17.7,,5.5
2026-10-07 03:57:35,temp_current_external,,88.0,61.0,0.0,,1007.0,10.5,0.0,12.6,17.7,,5.5
2026-10-07 03:57:36,dew_point_temp,,87.0,61.0,0.0,,1007.0,10.4,3.9,12.6,17.7,,5.5
2026-10-07 03:58:06,feellike_temp,,87.0,61.0,0.0,,1007.0,10.4,3.9,12.6,17.7,,5.5
2026-10-07 03:58:35,humidity_outdoor,,86.0,61.0,0.0,,1007.0,10.4,3.9,12.6,17.7,,5.5
2026-10-07 03:58:36,dew_point_temp,,86.0,61.0,0.0,,1007.0,10.3,0.0,12.6,17.7,,5.5
2026-10-07 03:59:05,windspeed_gust,,86.0,61.0,0.0,,1007.0,10.3,2.6,12.6,17.7,,5.5
2026-10-07 03:59:06,feellike_temp,,86.0,61.0,0.0,,1007.0,10.3,2.6,12.6,17.7,,5.5
2026-10-07 03:59:35,temp_current_external,,86.0,61.0,0.0,,1007.0,10.3,2.6,12.7,17.7,,5.5
2026-10-07 03:59:36,dew_point_temp,,85.0,61.0,0.0,,1007.0,10.2,5.9,12.7,17.7,,5.5
2026-10-07 04:00:05,temp_current_external,,85.0,61.0,0.0,,1007.0,10.2,5.9,12.8,17.7,,5.5
2026-10-07 04:00:06,dew_point_temp,,85.0,61.0,0.0,,1007.0,10.3,4.6,12.8,17.7,,5.5
2026-10-07 04:00:35,humidity_outdoor,,84.0,61.0,0.0,,1007.0,10.3,4.6,12.8,17.7,,5.5
2026-10-07 04:00:36,dew_point_temp,,84.0,61.0,0.0,,1007.0,10.1,0.0,12.8,17.7,,5.5
2026-10-07 04:01:35,temp_current_external,,84.0,61.0,0.0,,1007.0,10.1,0.0,12.9,17.7,,5.5
2026-10-07 04:01:36,dew_point_temp,,84.0,61.0,0.0,,1007.0,10.2,0.0,12.9,17.7,,5.5
2026-10-07 04:02:05,humidity_outdoor,,83.0,61.0,0.0,,1007.0,10.2,0.0,12.9,17.7,,5.5
2026-10-07 04:02:06,dew_point_temp,,83.0,61.0,0.0,,1007.0,10.0,0.0,12.9,17.7,,5.5
2026-10-07 04:03:01,temp_current,,83.0,61.0,0.0,,1007.0,10.0,0.0,12.9,17.6,,5.5
2026-10-07 04:03:31,temp_current,,83.0,61.0,0.0,,1007.0,10.0,0.0,12.9,17.7,,5.5
2026-10-07 04:03:35,temp_current_external,,83.0,61.0,0.0,,1007.0,10.0,0.0,13.0,17.7,,5.5
2026-10-07 04:03:36,feellike_temp,,83.0,61.0,0.0,,1007.0,10.1,0.0,13.0,17.7,,5.5
2026-10-07 04:04:01,temp_current,,83.0,61.0,0.0,,1007.0,10.1,0.0,13.0,17.6,,5.5
2026-10-07 04:04:35,humidity_outdoor,,82.0,61.0,0.0,,1007.0,10.1,0.0,13.0,17.6,,5.5
2026-10-07 04:04:36,dew_point_temp,,82.0,61.0,0.0,,1007.0,9.9,0.0,13.0,17.6,,0.4
2026-10-07 04:05:35,temp_current_external,,82.0,61.0,0.0,,1007.0,9.9,0.0,13.1,17.6,,0.4
2026-10-07 04:05:36,dew_point_temp,,82.0,61.0,0.0,,1007.0,10.0,0.6,13.1,17.6,,0.4
2026-10-07 04:06:05,windspeed_gust,,82.0,61.0,0.0,,1007.0,10.0,0.0,13.1,17.6,,0.4
2026-10-07 04:07:35,windspeed_gust,,82.0,61.0,0.0,,1007.0,10.0,3.3,13.1,17.6,,0.4
2026-10-07 04:07:36,feellike_temp,,82.0,61.0,0.0,,1007.0,10.0,3.3,13.1,17.6,,0.4
2026-10-07 04:08:01,temp_current,,82.0,61.0,0.0,,1007.0,10.0,3.3,13.1,17.7,,0.4
2026-10-07 04:08:05,windspeed_gust,,82.0,61.0,0.0,,1007.0,10.0,2.6,13.1,17.7,,0.4
2026-10-07 04:08:31,temp_current,,82.0,61.0,0.0,,1007.0,10.0,2.6,13.1,17.6,,0.4
2026-10-07 04:08:35,windspeed_gust,,82.0,60.0,0.0,,1007.0,10.0,4.6,13.1,17.6,,0.4
2026-10-07 04:08:36,feellike_temp,,82.0,60.0,0.0,,1007.0,10.0,4.6,13.1,17.6,,0.4
2026-10-07 04:09:05,windspeed_gust,,82.0,60.0,0.0,,1007.0,10.0,8.6,13.1,17.6,,0.4
2026-10-07 04:09:06,feellike_temp,,82.0,60.0,0.0,,1007.0,10.0,8.6,13.1,17.6,,0.4
2026-10-07 04:09:31,temp_current,,82.0,60.0,0.0,,1007.0,10.0,8.6,13.1,17.7,,0.4
2026-10-07 04:09:35,windspeed_gust,,82.0,61.0,0.0,,1007.0,10.0,3.3,13.1,17.7,,0.4
2026-10-07 04:10:05,humidity_outdoor,,83.0,61.0,0.0,,1007.0,10.0,3.3,13.1,17.7,,0.4
2026-10-07 04:10:06,dew_point_temp,,83.0,61.0,0.0,,1007.0,10.2,3.9,13.1,17.7,,0.4
2026-10-07 04:10:35,windspeed_gust,,83.0,61.0,0.0,,1007.0,10.2,4.6,13.1,17.7,,0.4
2026-10-07 04:10:36,feellike_temp,,83.0,61.0,0.0,,1007.0,10.2,4.6,13.1,17.7,,0.4
2026-10-07 04:11:01,temp_current,,83.0,61.0,0.0,,1007.0,10.2,4.6,13.1,17.6,,0.4
2026-10-07 04:11:05,windspeed_gust,,83.0,61.0,0.0,,1007.0,10.2,0.6,13.1,17.6,,0.4
2026-10-07 04:11:35,windspeed_gust,,83.0,61.0,0.0,,1007.0,10.2,0.0,13.1,17.6,,0.4
2026-10-07 04:12:01,humidity_value,,83.0,60.0,0.0,,1007.0,10.2,0.0,13.1,17.6,,0.4
2026-10-07 04:12:31,temp_current,,83.0,60.0,0.0,,1007.0,10.2,0.0,13.1,17.7,,0.4
2026-10-07 04:13:05,temp_current_external,,83.0,60.0,0.0,,1007.0,10.2,0.0,13.0,17.7,,0.4
2026-10-07 04:13:06,dew_point_temp,,84.0,60.0,0.0,,1007.0,10.3,0.0,13.0,17.7,,0.4
2026-10-07 04:13:31,humidity_value,,84.0,61.0,0.0,,1007.0,10.3,0.0,13.0,17.7,,0.4
2026-10-07 04:14:35,windspeed_avg,,84.0,61.0,0.0,,1007.0,10.3,0.0,13.0,17.7,,0.6
2026-10-07 04:15:05,windspeed_gust,,84.0,61.0,0.0,,1007.0,10.3,4.6,13.0,17.7,,0.6
2026-10-07 04:15:06,feellike_temp,,84.0,61.0,0.0,,1007.0,10.3,4.6,13.0,17.7,,0.6
2026-10-07 04:15:35,humidity_outdoor,,85.0,61.0,0.0,,1007.0,10.3,4.6,13.0,17.7,,0.6
2026-10-07 04:16:05,windspeed_gust,,85.0,61.0,0.0,,1007.0,10.5,4.6,13.0,17.7,,0.6
2026-10-07 04:16:06,feellike_temp,,85.0,61.0,0.0,,1007.0,10.5,4.6,13.0,17.7,,0.6
2026-10-07 04:16:35,windspeed_gust,,85.0,61.0,0.0,,1007.0,10.5,7.3,13.0,17.7,,0.6
2026-10-07 04:16:36,feellike_temp,,85.0,61.0,0.0,,1007.0,10.5,7.3,13.0,17.7,,0.6
2026-10-07 04:17:01,humidity_value,,85.0,60.0,0.0,,1007.0,10.5,7.3,13.0,17.7,,0.6
2026-10-07 04:17:05,temp_current_external,,85.0,60.0,0.0,,1007.0,10.5,7.3,12.9,17.7,,0.6
2026-10-07 04:17:06,dew_point_temp,,85.0,60.0,0.0,,1007.0,10.4,6.6,12.9,17.7,,0.6
2026-10-07 04:17:35,temp_current_external,,85.0,60.0,0.0,,1007.0,10.4,6.6,13.0,17.7,,0.6
2026-10-07 04:18:01,temp_current,,85.0,60.0,0.0,,1007.0,10.5,9.3,13.0,17.6,,0.6
2026-10-07 04:18:05,feellike_temp,,85.0,60.0,0.0,,1007.0,10.5,9.3,13.0,17.6,,0.6
2026-10-07 04:18:35,windspeed_gust,,85.0,60.0,0.0,,1007.0,10.5,5.9,13.0,17.6,,0.6
2026-10-07 04:19:01,temp_current,,85.0,60.0,0.0,,1007.0,10.5,5.9,13.0,17.7,,0.6
2026-10-07 04:19:05,temp_current_external,,85.0,60.0,0.0,,1007.0,10.5,5.9,12.9,17.7,,0.6
2026-10-07 04:19:06,dew_point_temp,,86.0,60.0,0.0,,1007.0,10.6,9.3,12.9,17.7,,0.6
2026-10-07 04:19:31,temp_current,,86.0,60.0,0.0,,1007.0,10.6,9.3,12.9,17.6,,0.6
2026-10-07 04:19:35,windspeed_gust,,86.0,60.0,0.0,,1007.0,10.6,7.3,12.9,17.6,,0.6
2026-10-07 04:20:01,temp_current,,86.0,60.0,0.0,,1007.0,10.6,7.3,12.9,17.7,,0.6
2026-10-07 04:20:05,windspeed_gust,,86.0,60.0,0.0,,1007.0,10.6,10.6,12.9,17.7,,0.6
2026-10-07 04:20:31,temp_current,,86.0,60.0,0.0,,1007.0,10.6,10.6,12.9,17.6,,0.6
2026-10-07 04:20:35,humidity_outdoor,,87.0,60.0,0.0,,1007.0,10.6,10.6,12.9,17.6,,0.6
2026-10-07 04:20:36,dew_point_temp,,87.0,60.0,0.0,,1007.0,10.7,9.9,12.9,17.6,,0.6
2026-10-07 04:21:05,humidity_outdoor,,86.0,60.0,0.0,,1007.0,10.7,9.9,12.9,17.6,,0.6
2026-10-07 04:21:06,dew_point_temp,,86.0,60.0,0.0,,1007.0,10.6,10.6,12.9,17.6,,0.6
2026-10-07 04:21:35,humidity_outdoor,,87.0,60.0,0.0,,1007.0,10.6,10.6,12.9,17.6,,0.6
2026-10-07 04:21:36,dew_point_temp,,87.0,60.0,0.0,,1007.0,10.7,11.9,12.9,17.6,,0.6
2026-10-07 04:22:05,windspeed_gust,,87.0,60.0,0.0,,1007.0,10.7,9.9,12.9,17.6,,0.6
2026-10-07 04:22:06,feellike_temp,,87.0,60.0,0.0,,1007.0,10.7,9.9,12.9,17.6,,0.6
2026-10-07 04:22:35,windspeed_gust,,87.0,60.0,0.0,,1007.0,10.7,8.6,12.9,17.6,,0.6
2026-10-07 04:22:36,feellike_temp,,87.0,60.0,0.0,,1007.0,10.7,8.6,12.9,17.6,,0.6
2026-10-07 04:23:01,temp_current,,87.0,60.0,0.0,,1007.0,10.7,8.6,12.9,17.7,,0.6
2026-10-07 04:23:05,windspeed_gust,,87.0,60.0,0.0,,1007.0,10.7,7.3,12.9,17.7,,0.6
2026-10-07 04:23:06,feellike_temp,,87.0,60.0,0.0,,1007.0,10.7,7.3,12.9,17.7,,0.6
2026-10-07 04:23:31,temp_current,,87.0,60.0,0.0,,1007.0,10.7,7.3,12.9,17.6,,0.6
2026-10-07 04:23:35,temp_current_external,,87.0,61.0,0.0,,1007.0,10.7,7.3,12.8,17.6,,0.6
2026-10-07 04:23:36,dew_point_temp,,87.0,61.0,0.0,,1007.0,10.6,8.6,12.8,17.6,,0.6
2026-10-07 04:24:05,temp_current_external,,87.0,61.0,0.0,,1007.0,10.6,8.6,12.9,17.6,,0.6
2026-10-07 04:24:06,feellike_temp,,86.0,61.0,0.0,,1007.0,10.6,9.3,12.9,17.6,,0.6
2026-10-07 04:24:35,windspeed_avg,,86.0,61.0,0.0,,1007.0,10.6,9.3,12.9,17.6,,5.7
2026-10-07 04:24:36,feellike_temp,,86.0,61.0,0.0,,1007.0,10.6,7.9,12.9,17.6,,5.7
2026-10-07 04:25:05,windspeed_gust,,86.0,61.0,0.0,,1007.0,10.6,3.9,12.9,17.6,,5.7
2026-10-07 04:25:06,feellike_temp,,86.0,61.0,0.0,,1007.0,10.6,3.9,12.9,17.6,,5.7
2026-10-07 04:25:35,windspeed_gust,,86.0,61.0,0.0,,1007.0,10.6,5.3,12.9,17.6,,5.7
2026-10-07 04:25:36,feellike_temp,,86.0,61.0,0.0,,1007.0,10.6,5.3,12.9,17.6,,5.7
2026-10-07 04:26:05,windspeed_gust,,86.0,61.0,0.0,,1007.0,10.6,2.6,12.9,17.6,,5.7
2026-10-07 04:26:06,feellike_temp,,86.0,61.0,0.0,,1007.0,10.6,2.6,12.9,17.6,,5.7
2026-10-07 04:26:35,windspeed_gust,,86.0,61.0,0.0,,1007.0,10.6,4.6,12.9,17.6,,5.7
2026-10-07 04:26:36,feellike_temp,,86.0,61.0,0.0,,1007.0,10.6,4.6,12.9,17.6,,5.7
2026-10-07 04:27:01,temp_current,,86.0,61.0,0.0,,1007.0,10.6,4.6,12.9,17.5,,5.7
2026-10-07 04:27:05,windspeed_gust,,86.0,61.0,0.0,,1007.0,10.6,2.6,12.9,17.5,,5.7
2026-10-07 04:27:31,temp_current,,86.0,61.0,0.0,,1007.0,10.6,2.6,12.9,17.6,,5.7
2026-10-07 04:27:35,windspeed_gust,,86.0,61.0,0.0,,1007.0,10.6,3.3,12.9,17.6,,5.7
2026-10-07 04:28:01,temp_current,,86.0,61.0,0.0,,1007.0,10.6,3.3,12.9,17.5,,5.7
2026-10-07 04:28:05,windspeed_gust,,86.0,61.0,0.0,,1007.0,10.6,5.3,12.9,17.5,,5.7
2026-10-07 04:28:35,windspeed_gust,,86.0,61.0,0.0,,1007.0,10.6,6.6,12.9,17.5,,5.7
2026-10-07 04:29:01,temp_current,,86.0,61.0,0.0,,1007.0,10.6,6.6,12.9,17.6,,5.7
2026-10-07 04:29:05,windspeed_gust,,86.0,61.0,0.0,,1007.0,10.6,8.6,12.9,17.6,,5.7
2026-10-07 04:29:31,temp_current,,86.0,61.0,0.0,,1007.0,10.6,8.6,12.9,17.5,,5.7
2026-10-07 04:29:35,windspeed_gust,,86.0,61.0,0.0,,1007.0,10.6,6.6,12.9,17.5,,5.7
2026-10-07 04:30:01,temp_current,,86.0,61.0,0.0,,1007.0,10.6,6.6,12.9,17.6,,5.7
2026-10-07 04:30:05,windspeed_gust,,86.0,61.0,0.0,,1007.0,10.6,5.3,12.9,17.6,,5.7
2026-10-07 04:30:31,temp_current,,86.0,61.0,0.0,,1007.0,10.6,5.3,12.9,17.5,,5.7
2026-10-07 04:30:35,windspeed_gust,,86.0,61.0,0.0,,1007.0,10.6,2.6,12.9,17.5,,5.7
2026-10-07 04:31:01,temp_current,,86.0,61.0,0.0,,1007.0,10.6,2.6,12.9,17.6,,5.7
2026-10-07 04:31:05,windspeed_gust,,86.0,61.0,0.0,,1007.0,10.6,0.0,12.9,17.6,,5.7
2026-10-07 04:31:35,temp_current_external,,86.0,61.0,0.0,,1007.0,10.6,0.0,12.8,17.6,,5.7
2026-10-07 04:32:01,temp_current,,86.0,61.0,0.0,,1007.0,10.5,3.3,12.8,17.5,,5.7
2026-10-07 04:32:05,temp_current_external,,86.0,61.0,0.0,,1007.0,10.5,3.3,12.9,17.5,,5.7
2026-10-07 04:32:31,temp_current,,86.0,61.0,0.0,,1007.0,10.6,3.3,12.9,17.6,,5.7
2026-10-07 04:32:35,temp_current_external,,86.0,61.0,0.0,,1007.0,10.6,3.3,12.8,17.6,,5.7
2026-10-07 04:33:01,temp_current,,86.0,61.0,0.0,,1007.0,10.5,0.0,12.8,17.5,,5.7
2026-10-07 04:33:06,temp_current_external,,86.0,61.0,0.0,,1007.0,10.5,0.0,12.9,17.5,,5.7
2026-10-07 04:33:07,dew_point_temp,,86.0,61.0,0.0,,1007.0,10.6,5.3,12.9,17.5,,5.7
2026-10-07 04:33:31,temp_current,,86.0,61.0,0.0,,1007.0,10.6,5.3,12.9,17.6,,5.7
2026-10-07 04:33:36,temp_current_external,,86.0,61.0,0.0,,1007.0,10.6,5.3,13.0,17.6,,5.7
2026-10-07 04:33:37,dew_point_temp,,85.0,61.0,0.0,,1007.0,10.5,6.6,13.0,17.6,,5.7
2026-10-07 04:34:05,windspeed_gust,,85.0,61.0,0.0,,1007.0,10.5,7.9,13.0,17.6,,5.7
2026-10-07 04:34:35,windspeed_avg,,85.0,61.0,0.0,,1007.0,10.5,7.9,13.0,17.6,,2.0
2026-10-07 04:35:05,temp_current_external,,85.0,61.0,0.0,,1007.0,10.5,3.9,12.9,17.6,,2.0
2026-10-07 04:35:06,feellike_temp,,85.0,61.0,0.0,,1007.0,10.4,3.3,12.9,17.6,,2.0
2026-10-07 04:35:35,windspeed_gust,,85.0,61.0,0.0,,1007.0,10.4,1.3,12.9,17.6,,2.0
2026-10-07 04:36:05,windspeed_gust,,85.0,61.0,0.0,,1007.0,10.4,4.6,12.9,17.6,,2.0
2026-10-07 04:36:35,windspeed_gust,,85.0,61.0,0.0,,1007.0,10.4,3.9,12.9,17.6,,2.0
2026-10-07 04:37:05,feellike_temp,,85.0,61.0,0.0,,1007.0,10.4,3.9,12.9,17.6,,2.0
2026-10-07 04:37:35,windspeed_gust,,85.0,61.0,0.0,,1007.0,10.4,5.9,12.9,17.6,,2.0
2026-10-07 04:38:05,windspeed_gust,,85.0,61.0,0.0,,1007.0,10.4,5.3,12.9,17.6,,2.0
2026-10-07 04:38:31,temp_current,,85.0,61.0,0.0,,1007.0,10.4,5.3,12.9,17.5,,2.0
2026-10-07 04:38:35,windspeed_gust,,85.0,61.0,0.0,,1007.0,10.4,5.9,12.9,17.5,,2.0
2026-10-07 04:39:01,temp_current,,85.0,61.0,0.0,,1007.0,10.4,5.9,12.9,17.6,,2.0
2026-10-07 04:39:06,feellike_temp,,85.0,61.0,0.0,,1007.0,10.4,5.9,12.9,17.6,,2.0
2026-10-07 04:39:35,windspeed_gust,,85.0,61.0,0.0,,1007.0,10.4,4.6,12.9,17.6,,2.0
2026-10-07 04:40:06,feellike_temp,,85.0,61.0,0.0,,1007.0,10.4,4.6,12.9,17.6,,2.0
2026-10-07 04:40:35,windspeed_gust,,85.0,61.0,0.0,,1007.0,10.4,5.3,12.9,17.6,,2.0
2026-10-07 04:41:01,temp_current,,85.0,61.0,0.0,,1007.0,10.4,5.3,12.9,17.5,,2.0
2026-10-07 04:41:05,windspeed_gust,,85.0,61.0,0.0,,1007.0,10.4,7.3,12.9,17.5,,2.0
2026-10-07 04:41:06,feellike_temp,,85.0,61.0,0.0,,1007.0,10.4,7.3,12.9,17.5,,2.0
2026-10-07 04:41:31,temp_current,,85.0,61.0,0.0,,1007.0,10.4,7.3,12.9,17.6,,2.0
2026-10-07 04:41:36,feellike_temp,,85.0,61.0,0.0,,1007.0,10.4,7.3,12.9,17.6,,2.0
2026-10-07 04:42:05,windspeed_gust,,85.0,61.0,0.0,,1007.0,10.4,7.9,12.9,17.6,,2.0
2026-10-07 04:42:35,windspeed_gust,,85.0,61.0,0.0,,1007.0,10.4,6.6,12.9,17.6,,2.0
2026-10-07 04:43:01,temp_current,,85.0,61.0,0.0,,1007.0,10.4,6.6,12.9,17.5,,2.0
2026-10-07 04:43:05,windspeed_gust,,85.0,61.0,0.0,,1007.0,10.4,5.3,12.9,17.5,,2.0
2026-10-07 04:43:06,feellike_temp,,85.0,61.0,0.0,,1007.0,10.4,5.3,12.9,17.5,,2.0
2026-10-07 04:43:35,windspeed_gust,,85.0,61.0,0.0,,1007.0,10.4,4.6,12.9,17.5,,2.0
2026-10-07 04:43:36,feellike_temp,,85.0,61.0,0.0,,1007.0,10.4,4.6,12.9,17.5,,2.0
2026-10-07 04:44:05,temp_current_external,,85.0,61.0,0.0,,1007.0,10.4,4.6,12.8,17.5,,2.0
2026-10-07 04:44:35,humidity_outdoor,,86.0,61.0,0.0,,1007.0,10.3,3.9,12.8,17.5,,2.0
2026-10-07 04:45:05,windspeed_gust,,86.0,61.0,0.0,,1007.0,10.5,0.0,12.8,17.5,,3.0
2026-10-07 04:45:31,temp_current,,86.0,61.0,0.0,,1007.0,10.5,0.0,12.8,17.6,,3.0
2026-10-07 04:46:01,temp_current,,86.0,61.0,0.0,,1007.0,10.5,0.0,12.8,17.5,,3.0
2026-10-07 04:48:05,temp_current_external,,86.0,61.0,0.0,,1007.0,10.5,0.0,12.9,17.5,,3.0
2026-10-07 04:48:35,temp_current_external,,86.0,61.0,0.0,,1007.0,10.6,0.0,12.8,17.5,,3.0
2026-10-07 04:49:05,temp_current_external,,86.0,61.0,0.0,,1007.0,10.5,0.0,12.9,17.5,,3.0
2026-10-07 04:49:31,temp_current,,86.0,61.0,0.0,,1007.0,10.6,0.0,12.9,17.6,,3.0
2026-10-07 04:49:35,temp_current_external,,86.0,61.0,0.0,,1007.0,10.6,0.0,12.8,17.6,,3.0
2026-10-07 04:50:05,humidity_outdoor,,85.0,61.0,0.0,,1007.0,10.5,0.0,12.8,17.6,,3.0
2026-10-07 04:50:31,temp_current,,85.0,61.0,0.0,,1007.0,10.3,0.0,12.8,17.5,,3.0
2026-10-07 04:51:01,temp_current,,85.0,61.0,0.0,,1007.0,10.3,0.0,12.8,17.6,,3.0
2026-10-07 04:51:31,temp_current,,85.0,61.0,0.0,,1007.0,10.3,0.0,12.8,17.5,,3.0
2026-10-07 04:51:35,humidity_outdoor,,86.0,61.0,0.0,,1007.0,10.3,0.0,12.8,17.5,,3.0
2026-10-07 04:52:01,temp_current,,86.0,61.0,0.0,,1007.0,10.5,0.0,12.8,17.6,,3.0
2026-10-07 04:52:31,temp_current,,86.0,61.0,0.0,,1007.0,10.5,0.0,12.8,17.5,,3.0
2026-10-07 04:54:31,temp_current,,86.0,61.0,0.0,,1007.0,10.5,0.0,12.8,17.6,,3.0
2026-10-07 04:54:35,windspeed_avg,,86.0,61.0,0.0,,1007.0,10.5,0.0,12.8,17.6,,0.0
2026-10-07 04:55:01,temp_current,,86.0,61.0,0.0,,1007.0,10.5,0.0,12.8,17.5,,0.0
2026-10-07 04:55:35,humidity_outdoor,,87.0,61.0,0.0,,1007.0,10.5,0.0,12.8,17.5,,0.0
2026-10-07 04:56:31,temp_current,,87.0,61.0,0.0,,1007.0,10.6,0.0,12.8,17.6,,0.0
2026-10-07 04:57:01,temp_current,,87.0,61.0,0.0,,1007.0,10.6,0.0,12.8,17.5,,0.0
2026-10-07 04:57:31,temp_current,,87.0,61.0,0.0,,1007.0,10.6,0.0,12.8,17.6,,0.0
2026-10-07 04:58:01,temp_current,,87.0,61.0,0.0,,1007.0,10.6,0.0,12.8,17.5,,0.0
2026-10-07 04:58:31,temp_current,,87.0,61.0,0.0,,1007.0,10.6,0.0,12.8,17.6,,0.0
2026-10-07 04:59:01,temp_current,,87.0,61.0,0.0,,1007.0,10.6,0.0,12.8,17.5,,0.0
2026-10-07 04:59:05,temp_current_external,,87.0,61.0,0.0,,1007.0,10.6,0.0,12.7,17.5,,0.0
2026-10-07 05:02:05,temp_current_external,,87.0,61.0,0.0,,1007.0,10.5,0.0,12.6,17.5,,0.0
2026-10-07 05:04:05,temp_current_external,,87.0,61.0,0.0,,1007.0,10.4,0.0,12.7,17.5,,0.0
2026-10-07 05:04:35,temp_current_external,,87.0,61.0,0.0,,1007.0,10.5,0.0,12.6,17.5,,0.0
2026-10-07 05:06:35,humidity_outdoor,,88.0,61.0,0.0,,1007.0,10.4,0.0,12.6,17.5,,0.0
2026-10-07 05:08:05,temp_current_external,,88.0,61.0,0.0,,1007.0,10.6,0.0,12.5,17.5,,0.0
2026-10-07 05:18:31,temp_current,,88.0,61.0,0.0,,1007.0,10.5,0.0,12.5,17.4,,0.0
2026-10-07 05:19:01,temp_current,,88.0,61.0,0.0,,1007.0,10.5,0.0,12.5,17.5,,0.0
2026-10-07 05:19:31,temp_current,,88.0,61.0,0.0,,1007.0,10.5,0.0,12.5,17.4,,0.0
2026-10-07 05:20:01,temp_current,,88.0,61.0,0.0,,1007.0,10.5,0.0,12.5,17.5,,0.0
2026-10-07 05:20:35,temp_current_external,,88.0,61.0,0.0,,1007.0,10.5,0.0,12.4,17.5,,0.0
2026-10-07 05:21:31,temp_current,,88.0,61.0,0.0,,1007.0,10.4,0.0,12.4,17.4,,0.0
2026-10-07 05:23:05,temp_current_external,,88.0,61.0,0.0,,1007.0,10.4,0.0,12.3,17.4,,0.0
2026-10-07 05:23:35,humidity_outdoor,,89.0,61.0,0.0,,1007.0,10.3,0.0,12.3,17.4,,0.0
2026-10-07 05:24:05,temp_current_external,,89.0,61.0,0.0,,1007.0,10.5,0.0,12.2,17.4,,0.0
2026-10-07 05:25:05,temp_current_external,,89.0,61.0,0.0,,1007.0,10.4,0.0,12.3,17.4,,0.0
2026-10-07 05:25:35,temp_current_external,,89.0,61.0,0.0,,1007.0,10.5,0.0,12.2,17.4,,0.0
2026-10-07 05:26:01,humidity_value,,89.0,62.0,0.0,,1007.0,10.4,0.0,12.2,17.4,,0.0
2026-10-07 05:30:35,temp_current_external,,89.0,62.0,0.0,,1007.0,10.4,0.0,12.1,17.4,,0.0
2026-10-07 05:35:01,temp_current,,89.0,62.0,0.0,,1007.0,10.3,0.0,12.1,17.3,,0.0
2026-10-07 05:35:05,temp_current_external,,89.0,62.0,0.0,,1007.0,10.3,0.0,12.0,17.3,,0.0
2026-10-07 05:35:31,temp_current,,89.0,62.0,0.0,,1007.0,10.2,0.0,12.0,17.4,,0.0
2026-10-07 05:35:35,temp_current_external,,89.0,62.0,0.0,,1007.0,10.2,0.0,12.1,17.4,,0.0
2026-10-07 05:36:05,temp_current_external,,89.0,62.0,0.0,,1007.0,10.3,0.0,12.0,17.4,,0.0
2026-10-07 05:37:31,temp_current,,89.0,62.0,0.0,,1007.0,10.2,0.0,12.0,17.3,,0.0
2026-10-07 05:37:35,humidity_outdoor,,90.0,62.0,0.0,,1007.0,10.2,0.0,12.0,17.3,,0.0
2026-10-07 05:38:31,temp_current,,90.0,62.0,0.0,,1007.0,10.4,0.0,12.0,17.4,,0.0
2026-10-07 05:39:31,temp_current,,90.0,62.0,0.0,,1007.0,10.4,0.0,12.0,17.3,,0.0
2026-10-07 05:39:35,temp_current_external,,90.0,62.0,0.0,,1007.0,10.4,0.0,11.9,17.3,,0.0
2026-10-07 05:40:01,temp_current,,90.0,62.0,0.0,,1007.0,10.3,0.0,11.9,17.4,,0.0
2026-10-07 05:40:05,temp_current_external,,90.0,62.0,0.0,,1007.0,10.3,0.0,12.0,17.4,,0.0
2026-10-07 05:41:01,temp_current,,90.0,62.0,0.0,,1007.0,10.4,0.0,12.0,17.3,,0.0
2026-10-07 05:41:35,temp_current_external,,90.0,62.0,0.0,,1007.0,10.4,0.0,12.1,17.3,,0.0
2026-10-07 05:42:05,temp_current_external,,90.0,62.0,0.0,,1007.0,10.5,0.0,12.0,17.3,,0.0
2026-10-07 05:42:31,temp_current,,90.0,62.0,0.0,,1007.0,10.4,0.0,12.0,17.4,,0.0
2026-10-07 05:42:35,temp_current_external,,90.0,62.0,0.0,,1007.0,10.4,0.0,12.1,17.4,,0.0
2026-10-07 05:44:01,temp_current,,91.0,62.0,0.0,,1007.0,10.6,0.0,12.1,17.3,,0.0
2026-10-07 05:44:31,temp_current,,91.0,62.0,0.0,,1007.0,10.6,0.0,12.1,17.4,,0.0
2026-10-07 05:45:01,temp_current,,91.0,62.0,0.0,,1007.0,10.6,0.0,12.1,17.3,,0.0
2026-10-07 05:46:01,temp_current,,91.0,62.0,0.0,,1007.0,10.6,0.0,12.1,17.4,,0.0
2026-10-07 05:48:01,temp_current,,91.0,62.0,0.0,,1007.0,10.6,0.0,12.1,17.3,,0.0
2026-10-07 05:48:31,temp_current,,91.0,62.0,0.0,,1007.0,10.6,0.0,12.1,17.4,,0.0
2026-10-07 05:51:01,temp_current,,91.0,62.0,0.0,,1007.0,10.6,0.0,12.1,17.3,,0.0
2026-10-07 05:51:05,humidity_outdoor,,92.0,62.0,0.0,,1007.0,10.6,0.0,12.1,17.3,,0.0
2026-10-07 05:51:31,temp_current,,92.0,62.0,0.0,,1007.0,10.8,0.0,12.1,17.4,,0.0
2026-10-07 05:52:05,temp_current_external,,92.0,62.0,0.0,,1007.0,10.8,0.0,12.2,17.4,,0.0
2026-10-07 05:53:01,temp_current,,92.0,62.0,0.0,,1007.0,10.9,0.0,12.2,17.3,,0.0
2026-10-07 05:53:05,temp_current_external,,92.0,62.0,0.0,,1007.0,10.9,0.0,12.1,17.3,,0.0
2026-10-07 05:53:31,temp_current,,92.0,62.0,0.0,,1007.0,10.8,0.0,12.1,17.4,,0.0
2026-10-07 05:54:01,temp_current,,92.0,62.0,0.0,,1007.0,10.8,0.0,12.1,17.3,,0.0
2026-10-07 05:55:01,atmospheric_pressture,,92.0,62.0,0.0,,1006.0,10.8,0.0,12.1,17.3,,0.0
2026-10-07 05:55:05,temp_current_external,,92.0,62.0,0.0,,1006.0,10.8,0.0,12.2,17.3,,0.0
2026-10-07 05:55:35,feellike_temp,,92.0,62.0,0.0,,1006.0,10.9,2.6,12.2,17.3,,0.0
2026-10-07 05:56:01,temp_current,,92.0,62.0,0.0,,1006.0,10.9,2.6,12.2,17.4,,0.0
2026-10-07 05:56:05,windspeed_gust,,92.0,62.0,0.0,,1006.0,10.9,4.6,12.2,17.4,,0.0
2026-10-07 05:56:31,temp_current,,92.0,62.0,0.0,,1006.0,10.9,4.6,12.2,17.3,,0.0
2026-10-07 05:56:35,temp_current_external,,92.0,62.0,0.0,,1006.0,10.9,4.6,12.1,17.3,,0.0
2026-10-07 05:57:05,windspeed_gust,,92.0,62.0,0.0,,1006.0,10.8,1.3,12.1,17.3,,0.0
2026-10-07 05:57:35,windspeed_gust,,92.0,62.0,0.0,,1006.0,10.8,0.0,12.1,17.3,,0.0
2026-10-07 05:58:05,windspeed_gust,,92.0,62.0,0.0,,1006.0,10.8,1.3,12.1,17.3,,0.0
2026-10-07 05:58:35,windspeed_gust,,92.0,62.0,0.0,,1006.0,10.8,1.9,12.1,17.3,,0.0
2026-10-07 05:59:05,windspeed_gust,,92.0,62.0,0.0,,1006.0,10.8,3.9,12.1,17.3,,0.0
2026-10-07 05:59:35,temp_current_external,,92.0,62.0,0.0,,1006.0,10.8,3.9,12.2,17.3,,0.0
2026-10-07 06:00:05,temp_current_external,,93.0,62.0,0.0,,1006.0,11.0,3.3,12.1,17.3,,0.0
2026-10-07 06:01:05,windspeed_gust,,93.0,62.0,0.0,,1006.0,10.9,6.6,12.1,17.3,,0.0
2026-10-07 06:01:35,temp_current_external,,93.0,62.0,0.0,,1006.0,10.9,6.6,12.2,17.3,,0.0
2026-10-07 06:02:05,windspeed_gust,,93.0,62.0,0.0,,1006.0,11.0,8.6,12.2,17.3,,0.0
2026-10-07 06:02:35,windspeed_gust,,93.0,62.0,0.0,,1006.0,11.0,3.9,12.2,17.3,,0.0
2026-10-07 06:03:05,windspeed_gust,,93.0,62.0,0.0,,1006.0,11.0,0.0,12.2,17.3,,0.0
2026-10-07 06:04:35,temp_current_external,,93.0,62.0,0.0,,1006.0,11.0,0.0,12.1,17.3,,0.0
2026-10-07 06:10:35,windspeed_gust,,93.0,62.0,0.0,,1006.0,10.9,3.9,12.1,17.3,,0.6
2026-10-07 06:11:05,windspeed_gust,,93.0,62.0,0.0,,1006.0,10.9,11.3,12.1,17.3,,0.6
2026-10-07 06:11:35,windspeed_gust,,93.0,62.0,0.0,,1006.0,10.9,7.3,12.1,17.3,,0.6
2026-10-07 06:12:05,windspeed_gust,,93.0,62.0,0.0,,1006.0,10.9,5.3,12.1,17.3,,0.6
2026-10-07 06:12:35,windspeed_gust,,93.0,62.0,0.0,,1006.0,10.9,4.6,12.1,17.3,,0.6
2026-10-07 06:13:05,windspeed_gust,,93.0,62.0,0.0,,1006.0,10.9,6.6,12.1,17.3,,0.6
2026-10-07 06:13:35,windspeed_gust,,93.0,62.0,0.0,,1006.0,10.9,5.3,12.1,17.3,,0.6
2026-10-07 06:14:05,windspeed_gust,,93.0,62.0,0.0,,1006.0,10.9,4.6,12.1,17.3,,0.6
2026-10-07 06:14:06,feellike_temp,,93.0,62.0,0.0,,1006.0,10.9,4.6,12.1,17.3,,0.6
2026-10-07 06:14:35,temp_current_external,,93.0,62.0,0.0,,1006.0,10.9,4.6,12.0,17.3,,0.6
2026-10-07 06:14:36,dew_point_temp,,94.0,62.0,0.0,,1006.0,11.0,0.0,12.0,17.3,,1.3
2026-10-07 06:15:35,humidity_outdoor,,93.0,62.0,0.0,,1006.0,11.0,0.0,12.0,17.3,,1.3
2026-10-07 06:16:05,humidity_outdoor,,94.0,62.0,0.0,,1006.0,10.8,0.0,12.0,17.3,,1.3
2026-10-07 06:17:05,temp_current_external,,94.0,62.0,0.0,,1006.0,11.0,0.0,11.9,17.3,,1.3
2026-10-07 06:17:31,temp_current,,94.0,62.0,0.0,,1006.0,10.9,0.0,11.9,17.2,,1.3
2026-10-07 06:18:01,temp_current,,94.0,62.0,0.0,,1006.0,10.9,0.0,11.9,17.3,,1.3
2026-10-07 06:18:31,humidity_value,,94.0,62.0,0.0,,1006.0,10.9,0.0,11.9,17.3,,1.3
2026-10-07 06:19:01,temp_current,,94.0,62.0,0.0,,1006.0,10.9,0.0,11.9,17.2,,1.3
2026-10-07 06:19:31,humidity_value,,94.0,63.0,0.0,,1006.0,10.9,0.0,11.9,17.2,,1.3
2026-10-07 06:21:05,temp_current_external,,94.0,63.0,0.0,,1006.0,10.9,0.0,11.8,17.2,,1.3
2026-10-07 06:23:01,temp_current,,94.0,63.0,0.0,,1006.0,10.8,0.0,11.8,17.3,,1.3
2026-10-07 06:23:31,temp_current,,94.0,63.0,0.0,,1006.0,10.8,0.0,11.8,17.2,,1.3
2026-10-07 06:24:01,temp_current,,94.0,63.0,0.0,,1006.0,10.8,0.0,11.8,17.3,,1.3
2026-10-07 06:24:31,temp_current,,94.0,63.0,0.0,,1006.0,10.8,0.0,11.8,17.2,,1.3
2026-10-07 06:24:35,windspeed_avg,,94.0,63.0,0.0,,1006.0,10.8,0.0,11.8,17.2,,0.0
2026-10-07 06:25:05,temp_current_external,,94.0,63.0,0.0,,1006.0,10.8,0.0,11.7,17.2,,0.0
2026-10-07 06:25:35,temp_current_external,,94.0,63.0,0.0,,1006.0,10.7,0.0,11.8,17.2,,0.0
2026-10-07 06:26:01,temp_current,,94.0,63.0,0.0,,1006.0,10.8,0.0,11.8,17.3,,0.0
2026-10-07 06:26:31,temp_current,,94.0,63.0,0.0,,1006.0,10.8,0.0,11.8,17.2,,0.0
2026-10-07 06:27:35,temp_current_external,,94.0,63.0,0.0,,1006.0,10.8,0.0,11.7,17.2,,0.0
2026-10-07 06:30:05,temp_current_external,,94.0,63.0,0.0,,1006.0,10.7,0.0,11.6,17.2,,0.0
2026-10-07 06:31:35,temp_current_external,,94.0,63.0,0.0,,1006.0,10.6,0.0,11.5,17.2,,0.0
2026-10-07 06:34:35,temp_current_external,,94.0,63.0,0.0,,1006.0,10.5,0.0,11.4,17.2,,0.0
2026-10-07 06:36:31,temp_current,,94.0,63.0,0.0,,1006.0,10.4,0.0,11.4,17.1,,0.0
2026-10-07 06:36:35,humidity_outdoor,,95.0,63.0,0.0,,1006.0,10.4,0.0,11.4,17.1,,0.0
2026-10-07 06:39:31,temp_current,,95.0,63.0,0.0,,1006.0,10.6,0.0,11.4,17.0,,0.0
2026-10-07 06:44:35,temp_current_external,,95.0,63.0,0.0,,1006.0,10.6,0.0,11.3,17.0,,0.0
2026-10-07 06:45:05,temp_current_external,,95.0,63.0,0.0,,1006.0,10.5,0.0,11.4,17.0,,0.0
2026-10-07 06:48:01,temp_current,,95.0,63.0,0.0,,1006.0,10.6,0.0,11.4,16.9,,0.0
2026-10-07 06:49:01,temp_current,,95.0,63.0,0.0,,1006.0,10.6,0.0,11.4,17.0,,0.0
2026-10-07 06:49:05,temp_current_external,,95.0,63.0,0.0,,1006.0,10.6,0.0,11.3,17.0,,0.0
2026-10-07 06:49:31,temp_current,,95.0,63.0,0.0,,1006.0,10.5,0.0,11.3,16.9,,0.0
2026-10-07 06:51:01,humidity_value,,95.0,64.0,0.0,,1006.0,10.5,0.0,11.3,16.9,,0.0
2026-10-07 06:51:05,temp_current_external,,95.0,64.0,0.0,,1006.0,10.5,0.0,11.2,16.9,,0.0
2026-10-07 06:52:05,temp_current_external,,95.0,64.0,0.0,,1006.0,10.4,0.0,11.3,16.9,,0.0
2026-10-07 06:53:05,temp_current_external,,95.0,64.0,0.0,,1006.0,10.5,0.0,11.2,16.9,,0.0
2026-10-07 06:53:35,temp_current_external,,95.0,64.0,0.0,,1006.0,10.4,0.0,11.3,16.9,,0.0
2026-10-07 06:54:35,temp_current_external,,95.0,64.0,0.0,,1006.0,10.5,0.0,11.4,16.9,,0.0
2026-10-07 06:55:01,atmospheric_pressture,,95.0,64.0,0.0,,1006.0,10.6,0.0,11.4,16.9,,0.0
2026-10-07 06:55:05,temp_current_external,,95.0,64.0,0.0,,1006.0,10.6,0.0,11.3,16.9,,0.0
2026-10-07 06:55:35,temp_current_external,,95.0,64.0,0.0,,1006.0,10.5,0.0,11.4,16.9,,0.0
2026-10-07 06:57:35,humidity_outdoor,,96.0,64.0,0.0,,1006.0,10.6,0.0,11.4,16.9,,0.0
2026-10-07 06:58:01,temp_current,,96.0,64.0,0.0,,1006.0,10.7,0.0,11.4,16.8,,0.0
2026-10-07 06:58:05,windspeed_gust,,96.0,64.0,0.0,,1006.0,10.7,3.3,11.4,16.8,,0.0
2026-10-07 06:58:35,temp_current_external,,96.0,64.0,0.0,,1006.0,10.7,3.3,11.5,16.8,,0.0
2026-10-07 06:59:01,temp_current,,96.0,64.0,0.0,,1006.0,10.8,5.3,11.5,16.9,,0.0
2026-10-07 06:59:05,windspeed_gust,,96.0,64.0,0.0,,1006.0,10.8,2.6,11.5,16.9,,0.0
2026-10-07 06:59:31,temp_current,,96.0,64.0,0.0,,1006.0,10.8,2.6,11.5,16.8,,0.0
2026-10-07 06:59:35,windspeed_gust,,96.0,64.0,0.0,,1006.0,10.8,0.0,11.5,16.8,,0.0
2026-10-07 07:00:05,windspeed_gust,,96.0,64.0,0.0,,1006.0,10.8,1.3,11.5,16.8,,0.0
2026-10-07 07:01:05,temp_current_external,,96.0,64.0,0.0,,1006.0,10.8,1.3,11.4,16.8,,0.0
2026-10-07 07:03:01,temp_current,,96.0,64.0,0.0,,1006.0,10.7,0.0,11.4,16.7,,0.0
2026-10-07 07:03:31,temp_current,,96.0,64.0,0.0,,1006.0,10.7,0.0,11.4,16.8,,0.0
2026-10-07 07:04:01,temp_current,,96.0,64.0,0.0,,1006.0,10.7,0.0,11.4,16.7,,0.0
2026-10-07 07:04:05,temp_current_external,,96.0,64.0,0.0,,1006.0,10.7,0.0,11.5,16.7,,0.0
2026-10-07 07:04:35,windspeed_avg,,96.0,64.0,0.0,,1006.0,10.8,0.0,11.5,16.7,,0.2
2026-10-07 07:09:01,humidity_value,,96.0,65.0,0.0,,1006.0,10.8,0.0,11.5,16.7,,0.2
2026-10-07 07:10:01,temp_current,,96.0,65.0,0.0,,1006.0,10.8,0.0,11.5,16.6,,0.2
2026-10-07 07:10:31,temp_current,,96.0,65.0,0.0,,1006.0,10.8,0.0,11.5,16.7,,0.2
2026-10-07 07:10:35,temp_current_external,,96.0,65.0,0.0,,1006.0,10.8,0.0,11.6,16.7,,0.2
2026-10-07 07:11:05,temp_current_external,,96.0,65.0,0.0,,1006.0,10.9,3.3,11.5,16.7,,0.2
2026-10-07 07:11:35,windspeed_gust,,96.0,65.0,0.0,,1006.0,10.8,4.6,11.5,16.7,,0.2
2026-10-07 07:12:01,temp_current,,96.0,65.0,0.0,,1006.0,10.8,4.6,11.5,16.6,,0.2
2026-10-07 07:12:05,windspeed_gust,,96.0,65.0,0.0,,1006.0,10.8,0.0,11.5,16.6,,0.2
2026-10-07 07:12:31,temp_current,,96.0,65.0,0.0,,1006.0,10.8,0.0,11.5,16.7,,0.2
2026-10-07 07:13:05,temp_current_external,,96.0,65.0,0.0,,1006.0,10.8,0.0,11.6,16.7,,0.2
2026-10-07 07:16:05,windspeed_gust,,96.0,65.0,0.0,,1006.0,10.9,3.3,11.6,16.7,,0.2
2026-10-07 07:16:35,windspeed_gust,,96.0,65.0,0.0,,1006.0,10.9,3.9,11.6,16.7,,0.2
2026-10-07 07:17:01,temp_current,,96.0,65.0,0.0,,1006.0,10.9,3.9,11.6,16.6,,0.2
2026-10-07 07:17:05,windspeed_gust,,96.0,65.0,0.0,,1006.0,10.9,5.3,11.6,16.6,,0.2
2026-10-07 07:17:35,windspeed_gust,,96.0,65.0,0.0,,1006.0,10.9,4.6,11.6,16.6,,0.2
2026-10-07 07:18:05,feellike_temp,,96.0,65.0,0.0,,1006.0,10.9,4.6,11.6,16.6,,0.2
2026-10-07 07:19:05,windspeed_gust,,96.0,65.0,0.0,,1006.0,10.9,7.9,11.6,16.6,,0.2
2026-10-07 07:19:35,windspeed_gust,,96.0,65.0,0.0,,1006.0,10.9,3.3,11.6,16.6,,0.2
2026-10-07 07:20:05,feellike_temp,,96.0,65.0,0.0,,1006.0,10.9,3.3,11.6,16.6,,0.2
2026-10-07 07:20:35,windspeed_gust,,96.0,65.0,0.0,,1006.0,10.9,5.3,11.6,16.6,,0.2
2026-10-07 07:20:36,feellike_temp,,96.0,65.0,0.0,,1006.0,10.9,5.3,11.6,16.6,,0.2
2026-10-07 07:21:05,windspeed_gust,,96.0,65.0,0.0,,1006.0,10.9,4.6,11.6,16.6,,0.2
2026-10-07 07:21:31,temp_current,,96.0,65.0,0.0,,1006.0,10.9,4.6,11.6,16.5,,0.2
2026-10-07 07:21:35,temp_current_external,,96.0,65.0,0.0,,1006.0,10.9,4.6,11.7,16.5,,0.2
2026-10-07 07:22:05,windspeed_gust,,96.0,65.0,0.0,,1006.0,11.0,8.6,11.7,16.5,,0.2
2026-10-07 07:22:35,temp_current_external,,96.0,65.0,0.0,,1006.0,11.0,8.6,11.6,16.5,,0.2
2026-10-07 07:23:01,temp_current,,96.0,65.0,0.0,,1006.0,10.9,5.9,11.6,16.6,,0.2
2026-10-07 07:23:05,temp_current_external,,96.0,65.0,0.0,,1006.0,10.9,5.9,11.7,16.6,,0.2
2026-10-07 07:23:31,temp_current,,96.0,65.0,0.0,,1006.0,11.0,4.6,11.7,16.5,,0.2
2026-10-07 07:23:35,windspeed_gust,,96.0,65.0,0.0,,1006.0,11.0,8.6,11.7,16.5,,0.2
2026-10-07 07:24:05,windspeed_gust,,96.0,65.0,0.0,,1006.0,11.0,5.9,11.7,16.5,,0.2
2026-10-07 07:24:35,temp_current_external,,96.0,65.0,0.0,,1006.0,11.0,5.9,11.6,16.5,,0.2
2026-10-07 07:25:05,temp_current_external,,96.0,65.0,0.0,,1006.0,10.9,2.6,11.7,16.5,,2.4
2026-10-07 07:25:35,temp_current_external,,96.0,65.0,0.0,,1006.0,11.0,0.0,11.6,16.5,,2.4
2026-10-07 07:26:05,windspeed_gust,,96.0,65.0,0.0,,1006.0,10.9,4.6,11.6,16.5,,2.4
2026-10-07 07:26:35,feellike_temp,,96.0,65.0,0.0,,1006.0,10.9,4.6,11.6,16.5,,2.4
2026-10-07 07:27:05,temp_current_external,,96.0,65.0,0.0,,1006.0,10.9,4.6,11.5,16.5,,2.4
2026-10-07 07:27:07,windspeed_gust,,96.0,65.0,0.0,,1006.0,10.9,5.9,11.5,16.5,,2.4
2026-10-07 07:27:08,dew_point_temp,,96.0,65.0,0.0,,1006.0,10.8,5.9,11.5,16.5,,2.4
2026-10-07 07:27:35,windspeed_gust,,96.0,65.0,0.0,,1006.0,10.8,5.3,11.5,16.5,,2.4
2026-10-07 07:28:05,temp_current_external,,96.0,65.0,0.0,,1006.0,10.8,5.3,11.4,16.5,,2.4
2026-10-07 07:28:35,temp_current_external,,96.0,65.0,0.0,,1006.0,10.7,4.6,11.5,16.5,,2.4
2026-10-07 07:29:05,feellike_temp,,96.0,65.0,0.0,,1006.0,10.8,4.6,11.5,16.5,,2.4
2026-10-07 07:29:35,windspeed_gust,,96.0,65.0,0.0,,1006.0,10.8,5.3,11.5,16.5,,2.4
2026-10-07 07:30:05,temp_current_external,,96.0,65.0,0.0,,1006.0,10.8,5.3,11.4,16.5,,2.4
2026-10-07 07:30:35,windspeed_gust,,96.0,65.0,0.0,,1006.0,10.7,3.9,11.4,16.5,,2.4
2026-10-07 07:31:05,temp_current_external,,96.0,65.0,0.0,,1006.0,10.7,3.9,11.3,16.5,,2.4
2026-10-07 07:31:35,temp_current_external,,96.0,65.0,0.0,,1006.0,10.6,4.6,11.2,16.5,,2.4
2026-10-07 07:32:05,windspeed_gust,,96.0,65.0,0.0,,1006.0,10.5,4.6,11.2,16.5,,2.4
2026-10-07 07:32:35,temp_current_external,,96.0,65.0,0.0,,1006.0,10.5,4.6,11.1,16.5,,2.4
2026-10-07 07:33:35,windspeed_gust,,96.0,65.0,0.0,,1006.0,10.4,3.9,11.1,16.5,,2.4
2026-10-07 07:34:05,windspeed_gust,,96.0,65.0,0.0,,1006.0,10.4,5.3,11.1,16.5,,2.4
2026-10-07 07:34:35,windspeed_avg,,96.0,65.0,0.0,,1006.0,10.4,5.3,11.1,16.5,,2.7
2026-10-07 07:35:01,humidity_value,,96.0,66.0,0.0,,1006.0,10.4,5.3,11.1,16.5,,2.7
2026-10-07 07:35:05,feellike_temp,,96.0,66.0,0.0,,1006.0,10.4,5.3,11.1,16.5,,2.7
2026-10-07 07:36:05,temp_current_external,,96.0,66.0,0.0,,1006.0,10.4,5.3,11.0,16.5,,2.7
2026-10-07 07:36:35,windspeed_gust,,96.0,66.0,0.0,,1006.0,10.3,4.6,11.0,16.5,,2.7
2026-10-07 07:37:05,windspeed_gust,,96.0,66.0,0.0,,1006.0,10.3,5.3,11.0,16.5,,2.7
2026-10-07 07:37:35,temp_current_external,,96.0,66.0,0.0,,1006.0,10.3,5.3,10.9,16.5,,2.7
2026-10-07 07:38:05,windspeed_gust,,96.0,66.0,0.0,,1006.0,10.2,6.6,10.9,16.5,,2.7
2026-10-07 07:38:35,windspeed_gust,,96.0,66.0,0.0,,1006.0,10.2,7.3,10.9,16.5,,2.7
2026-10-07 07:39:01,humidity_value,,96.0,65.0,0.0,,1006.0,10.2,7.3,10.9,16.5,,2.7
2026-10-07 07:39:05,temp_current_external,,96.0,65.0,0.0,,1006.0,10.2,7.3,11.0,16.5,,2.7
2026-10-07 07:39:35,temp_current_external,,96.0,65.0,0.0,,1006.0,10.3,7.3,11.1,16.5,,2.7
2026-10-07 07:40:05,windspeed_gust,,96.0,65.0,0.0,,1006.0,10.4,8.6,11.1,16.5,,2.7
2026-10-07 07:41:05,temp_current_external,,96.0,65.0,0.0,,1006.0,10.4,8.6,11.2,16.5,,2.7
2026-10-07 07:41:35,feellike_temp,,96.0,65.0,0.0,,1006.0,10.5,9.3,11.2,16.5,,2.7
2026-10-07 07:42:01,humidity_value,,96.0,66.0,0.0,,1006.0,10.5,9.3,11.2,16.5,,2.7
2026-10-07 07:42:05,feellike_temp,,96.0,66.0,0.0,,1006.0,10.5,9.3,11.2,16.5,,2.7
2026-10-07 07:42:31,humidity_value,,96.0,65.0,0.0,,1006.0,10.5,9.3,11.2,16.5,,2.7
2026-10-07 07:42:35,humidity_outdoor,,97.0,65.0,0.0,,1006.0,10.5,9.3,11.2,16.5,,2.7
2026-10-07 07:43:01,temp_current,,97.0,65.0,0.0,,1006.0,10.7,9.3,11.2,16.4,,2.7
2026-10-07 07:43:05,humidity_outdoor,,96.0,66.0,0.0,,1006.0,10.7,9.3,11.2,16.4,,2.7
2026-10-07 07:43:31,temp_current,,96.0,66.0,0.0,,1006.0,10.5,9.3,11.2,16.5,,2.7
2026-10-07 07:43:35,humidity_outdoor,,97.0,65.0,0.0,,1006.0,10.5,9.3,11.2,16.5,,2.7
2026-10-07 07:44:05,windspeed_gust,,97.0,65.0,0.0,,1006.0,10.7,7.9,11.2,16.5,,2.7
2026-10-07 07:44:35,temp_current_external,,97.0,65.0,0.0,,1006.0,10.7,7.9,11.3,16.5,,2.7
2026-10-07 07:45:05,windspeed_gust,,97.0,65.0,0.0,,1006.0,10.8,7.9,11.3,16.5,,6.5
2026-10-07 07:45:35,windspeed_gust,,97.0,65.0,0.0,,1006.0,10.8,9.9,11.3,16.5,,6.5
2026-10-07 07:46:05,windspeed_gust,,97.0,65.0,0.0,,1006.0,10.8,8.6,11.3,16.5,,6.5
2026-10-07 07:46:35,windspeed_gust,,97.0,65.0,0.0,,1006.0,10.8,6.6,11.3,16.5,,6.5
2026-10-07 07:47:05,temp_current_external,,97.0,65.0,0.0,,1006.0,10.8,6.6,11.2,16.5,,6.5
2026-10-07 07:47:35,temp_current_external,,97.0,65.0,0.0,,1006.0,10.7,7.9,11.3,16.5,,6.5
2026-10-07 07:48:05,windspeed_gust,,97.0,65.0,0.0,,1006.0,10.8,5.9,11.3,16.5,,6.5
2026-10-07 07:48:35,temp_current_external,,97.0,65.0,0.0,,1006.0,10.8,5.9,11.2,16.5,,6.5
2026-10-07 07:49:05,temp_current_external,,97.0,65.0,0.0,,1006.0,10.7,3.3,11.3,16.5,,6.5
2026-10-07 07:49:31,temp_current,,97.0,65.0,0.0,,1006.0,10.8,4.6,11.3,16.4,,6.5
2026-10-07 07:49:35,windspeed_gust,,97.0,65.0,0.0,,1006.0,10.8,3.9,11.3,16.4,,6.5
2026-10-07 07:50:05,temp_current_external,,97.0,65.0,0.0,,1006.0,10.8,3.9,11.2,16.4,,6.5
2026-10-07 07:50:35,windspeed_gust,,97.0,65.0,0.0,,1006.0,10.7,0.0,11.2,16.4,,6.5
2026-10-07 07:51:01,humidity_value,,97.0,66.0,0.0,,1006.0,10.7,0.0,11.2,16.4,,6.5
2026-10-07 07:51:35,windspeed_gust,,97.0,66.0,0.0,,1006.0,10.7,2.6,11.2,16.4,,6.5
2026-10-07 07:52:05,windspeed_gust,,97.0,66.0,0.0,,1006.0,10.7,1.9,11.2,16.4,,6.5
2026-10-07 07:52:35,windspeed_gust,,97.0,66.0,0.0,,1006.0,10.7,5.3,11.2,16.4,,6.5
2026-10-07 07:53:05,temp_current_external,,97.0,66.0,0.0,,1006.0,10.7,5.3,11.3,16.4,,6.5
2026-10-07 07:53:35,windspeed_gust,,97.0,66.0,0.0,,1006.0,10.8,5.9,11.3,16.4,,6.5
2026-10-07 07:54:05,windspeed_gust,,97.0,66.0,0.0,,1006.0,10.8,7.3,11.3,16.4,,6.5
2026-10-07 07:54:35,windspeed_avg,,97.0,66.0,0.0,,1006.0,10.8,7.3,11.3,16.4,,3.2
2026-10-07 07:55:01,atmospheric_pressture,,97.0,66.0,0.0,,1006.0,10.8,7.9,11.3,16.4,,3.2
2026-10-07 07:55:05,windspeed_gust,,97.0,66.0,0.0,,1006.0,10.8,6.6,11.3,16.4,,3.2
2026-10-07 07:55:31,temp_current,,97.0,66.0,0.0,,1006.0,10.8,6.6,11.3,16.5,,3.2
2026-10-07 07:55:35,temp_current_external,,97.0,66.0,0.0,,1006.0,10.8,6.6,11.4,16.5,,3.2
2026-10-07 07:56:01,temp_current,,97.0,66.0,0.0,,1006.0,10.9,5.9,11.4,16.4,,3.2
2026-10-07 07:56:05,windspeed_gust,,97.0,66.0,0.0,,1006.0,10.9,7.9,11.4,16.4,,3.2
2026-10-07 07:56:35,windspeed_gust,,97.0,66.0,0.0,,1006.0,10.9,6.6,11.4,16.4,,3.2
2026-10-07 07:57:05,windspeed_gust,,97.0,66.0,0.0,,1006.0,10.9,7.3,11.4,16.4,,3.2
2026-10-07 07:57:35,windspeed_gust,,97.0,66.0,0.0,,1006.0,10.9,7.9,11.4,16.4,,3.2
2026-10-07 07:58:05,windspeed_gust,,97.0,66.0,0.0,,1006.0,10.9,7.3,11.4,16.4,,3.2
2026-10-07 07:58:35,windspeed_gust,,97.0,66.0,0.0,,1006.0,10.9,6.6,11.4,16.4,,3.2
2026-10-07 07:59:05,windspeed_gust,,97.0,66.0,0.0,,1006.0,10.9,9.9,11.4,16.4,,3.2
2026-10-07 07:59:31,temp_current,,97.0,66.0,0.0,,1006.0,10.9,9.9,11.4,16.3,,3.2
2026-10-07 07:59:35,windspeed_gust,,97.0,66.0,0.0,,1006.0,10.9,7.3,11.4,16.3,,3.2
2026-10-07 08:00:05,temp_current_external,,97.0,66.0,0.0,,1006.0,10.9,7.3,11.5,16.3,,3.2
2026-10-07 08:00:35,temp_current_external,,97.0,66.0,0.0,,1006.0,11.0,9.3,11.6,16.3,,3.2
2026-10-07 08:01:05,temp_current_external,,97.0,66.0,0.0,,1006.0,11.1,7.3,11.5,16.3,,3.2
2026-10-07 08:01:35,windspeed_gust,,97.0,66.0,0.0,,1006.0,11.0,11.3,11.5,16.3,,3.2
2026-10-07 08:02:05,windspeed_gust,,97.0,66.0,0.0,,1006.0,11.0,7.9,11.5,16.3,,3.2
2026-10-07 08:02:35,windspeed_gust,,97.0,66.0,0.0,,1006.0,11.0,11.3,11.5,16.3,,3.2
2026-10-07 08:03:01,temp_current,,97.0,66.0,0.0,,1006.0,11.0,11.3,11.5,16.4,,3.2
2026-10-07 08:03:05,windspeed_gust,,97.0,66.0,0.0,,1006.0,11.0,9.3,11.5,16.4,,3.2
2026-10-07 08:03:35,windspeed_gust,,97.0,66.0,0.0,,1006.0,11.0,8.6,11.5,16.4,,3.2
2026-10-07 08:04:01,temp_current,,97.0,66.0,0.0,,1006.0,11.0,8.6,11.5,16.3,,3.2
2026-10-07 08:04:05,feellike_temp,,97.0,66.0,0.0,,1006.0,11.0,8.6,11.5,16.3,,3.2
2026-10-07 08:04:31,temp_current,,97.0,66.0,0.0,,1006.0,11.0,8.6,11.5,16.4,,3.2
2026-10-07 08:04:35,windspeed_avg,,97.0,66.0,0.0,,1006.0,11.0,8.6,11.5,16.4,,5.9
2026-10-07 08:05:05,feellike_temp,,97.0,66.0,0.0,,1006.0,11.0,9.9,11.5,16.4,,5.9
2026-10-07 08:05:31,temp_current,,97.0,66.0,0.0,,1006.0,11.0,9.9,11.5,16.3,,5.9
2026-10-07 08:05:35,temp_current_external,,97.0,66.0,0.0,,1006.0,11.0,9.9,11.4,16.3,,5.9
2026-10-07 08:06:05,windspeed_gust,,97.0,66.0,0.0,,1006.0,10.9,6.6,11.4,16.3,,5.9
2026-10-07 08:06:35,windspeed_gust,,97.0,66.0,0.0,,1006.0,10.9,7.3,11.4,16.3,,5.9
2026-10-07 08:07:05,windspeed_gust,,97.0,66.0,0.0,,1006.0,10.9,3.9,11.4,16.3,,5.9
2026-10-07 08:07:35,windspeed_gust,,97.0,66.0,0.0,,1006.0,10.9,5.3,11.4,16.3,,5.9
2026-10-07 08:08:05,windspeed_gust,,97.0,66.0,0.0,,1006.0,10.9,3.9,11.4,16.3,,5.9
2026-10-07 08:08:35,windspeed_gust,,97.0,66.0,0.0,,1006.0,10.9,0.0,11.4,16.3,,5.9
2026-10-07 08:09:05,windspeed_gust,,97.0,66.0,0.0,,1006.0,10.9,5.3,11.4,16.3,,5.9
2026-10-07 08:09:35,temp_current_external,,97.0,66.0,0.0,,1006.0,10.9,5.3,11.3,16.3,,5.9
2026-10-07 08:10:05,windspeed_gust,,97.0,66.0,0.0,,1006.0,10.8,4.6,11.3,16.3,,5.9
2026-10-07 08:10:35,windspeed_gust,,97.0,66.0,0.0,,1006.0,10.8,5.3,11.3,16.3,,5.9
2026-10-07 08:11:05,windspeed_gust,,97.0,66.0,0.0,,1006.0,10.8,4.6,11.3,16.3,,5.9
2026-10-07 08:11:35,feellike_temp,,97.0,66.0,0.0,,1006.0,10.8,4.6,11.3,16.3,,5.9
2026-10-07 08:12:05,windspeed_gust,,97.0,66.0,0.0,,1006.0,10.8,0.6,11.3,16.3,,5.9
2026-10-07 08:12:35,temp_current_external,,97.0,66.0,0.0,,1006.0,10.8,0.6,11.2,16.3,,5.9
2026-10-07 08:13:01,temp_current,,97.0,66.0,0.0,,1006.0,10.7,0.0,11.2,16.2,,5.9
2026-10-07 08:13:35,windspeed_gust,,97.0,66.0,0.0,,1006.0,10.7,5.3,11.2,16.2,,5.9
2026-10-07 08:14:05,temp_current_external,,97.0,66.0,0.0,,1006.0,10.7,5.3,11.1,16.2,,5.9
2026-10-07 08:14:35,windspeed_avg,,97.0,66.0,0.0,,1006.0,10.6,5.3,11.1,16.2,,2.6
2026-10-07 08:15:05,windspeed_gust,,97.0,66.0,0.0,,1006.0,10.6,5.9,11.1,16.2,,2.6
2026-10-07 08:15:35,temp_current_external,,97.0,66.0,0.0,,1006.0,10.6,5.9,11.0,16.2,,2.6
2026-10-07 08:16:05,windspeed_gust,,97.0,66.0,0.0,,1006.0,10.5,5.9,11.0,16.2,,2.6
2026-10-07 08:16:35,windspeed_gust,,97.0,66.0,0.0,,1006.0,10.5,3.9,11.0,16.2,,2.6
2026-10-07 08:17:05,temp_current_external,,97.0,66.0,0.0,,1006.0,10.5,3.9,11.1,16.2,,2.6
2026-10-07 08:17:35,windspeed_gust,,97.0,66.0,0.0,,1006.0,10.6,0.0,11.1,16.2,,2.6
2026-10-07 08:18:31,temp_current,,97.0,66.0,0.0,,1006.0,10.6,0.0,11.1,16.3,,2.6
2026-10-07 08:19:01,temp_current,,97.0,66.0,0.0,,1006.0,10.6,0.0,11.1,16.2,,2.6
2026-10-07 08:19:31,temp_current,,97.0,66.0,0.0,,1006.0,10.6,0.0,11.1,16.3,,2.6
2026-10-07 08:20:05,temp_current_external,,97.0,66.0,0.0,,1006.0,10.6,0.0,11.2,16.3,,2.6
2026-10-07 08:20:31,temp_current,,97.0,66.0,0.0,,1006.0,10.7,0.0,11.2,16.2,,2.6
2026-10-07 08:21:05,temp_current_external,,97.0,66.0,0.0,,1006.0,10.7,0.0,11.1,16.2,,2.6
2026-10-07 08:21:35,temp_current_external,,97.0,66.0,0.0,,1006.0,10.6,0.0,11.2,16.2,,2.6
2026-10-07 08:22:05,temp_current_external,,97.0,66.0,0.0,,1006.0,10.7,0.0,11.1,16.2,,2.6
2026-10-07 08:22:35,temp_current_external,,97.0,66.0,0.0,,1006.0,10.6,0.0,11.2,16.2,,2.6
2026-10-07 08:24:35,windspeed_avg,,97.0,66.0,0.0,,1006.0,10.7,0.0,11.2,16.2,,1.0
2026-10-07 08:27:05,temp_current_external,,97.0,66.0,0.0,,1006.0,10.7,0.0,11.1,16.2,,1.0
2026-10-07 08:29:05,temp_current_external,,97.0,66.0,0.0,,1006.0,10.6,0.0,11.2,16.2,,1.0
2026-10-07 08:30:05,temp_current_external,,97.0,66.0,0.0,,1006.0,10.7,0.0,11.3,16.2,,1.0
2026-10-07 08:32:05,temp_current_external,,97.0,66.0,0.0,,1006.0,10.8,0.0,11.4,16.2,,1.0
2026-10-07 08:32:31,temp_current,,97.0,66.0,0.0,,1006.0,10.9,0.0,11.4,16.1,,1.0
2026-10-07 08:33:01,temp_current,,97.0,67.0,0.0,,1006.0,10.9,0.0,11.4,16.2,,1.0
2026-10-07 08:34:35,windspeed_avg,,97.0,67.0,0.0,,1006.0,10.9,0.0,11.4,16.2,,0.0
2026-10-07 08:35:35,temp_current_external,,97.0,67.0,0.0,,1006.0,10.9,0.0,11.5,16.2,,0.0
2026-10-07 08:36:31,temp_current,,97.0,67.0,0.0,,1006.0,11.0,0.0,11.5,16.1,,0.0
2026-10-07 08:37:01,temp_current,,97.0,67.0,0.0,,1006.0,11.0,0.0,11.5,16.2,,0.0
2026-10-07 08:37:31,temp_current,,97.0,67.0,0.0,,1006.0,11.0,0.0,11.5,16.1,,0.0
2026-10-07 08:38:05,temp_current_external,,97.0,67.0,0.0,,1006.0,11.0,0.0,11.6,16.1,,0.0
2026-10-07 08:48:05,windspeed_gust,,97.0,67.0,0.0,,1006.0,11.1,3.9,11.6,16.1,,0.0
2026-10-07 08:48:35,windspeed_gust,,97.0,67.0,0.0,,1006.0,11.1,10.6,11.6,16.1,,0.0
2026-10-07 08:49:05,temp_current_external,,97.0,67.0,0.0,,1006.0,11.1,10.6,11.7,16.1,,0.0
2026-10-07 08:49:31,temp_current,,97.0,67.0,0.0,,1006.0,11.2,6.6,11.7,16.2,,0.0
2026-10-07 08:49:35,windspeed_gust,,97.0,67.0,0.0,,1006.0,11.2,7.3,11.7,16.2,,0.0
2026-10-07 08:50:01,temp_current,,97.0,67.0,0.0,,1006.0,11.2,7.3,11.7,16.1,,0.0
2026-10-07 08:50:05,windspeed_gust,,97.0,67.0,0.0,,1006.0,11.2,0.0,11.7,16.1,,0.0
2026-10-07 08:51:31,temp_current,,97.0,67.0,0.0,,1006.0,11.2,0.0,11.7,16.2,,0.0
2026-10-07 08:52:01,temp_current,,97.0,67.0,0.0,,1006.0,11.2,0.0,11.7,16.1,,0.0
2026-10-07 08:53:35,windspeed_gust,,97.0,67.0,0.0,,1006.0,11.2,2.6,11.7,16.1,,0.0
2026-10-07 08:54:05,windspeed_gust,,97.0,67.0,0.0,,1006.0,11.2,0.0,11.7,16.1,,0.0
2026-10-07 08:54:35,temp_current_external,,97.0,67.0,0.0,,1006.0,11.2,0.0,11.6,16.1,,0.0
2026-10-07 08:55:01,temp_current,,97.0,67.0,0.0,,1006.0,11.1,0.0,11.6,16.2,,0.8
2026-10-07 08:55:05,temp_current_external,,97.0,67.0,0.0,,1007.0,11.1,0.0,11.7,16.2,,0.8
2026-10-07 08:55:31,temp_current,,97.0,67.0,0.0,,1007.0,11.2,0.0,11.7,16.1,,0.8
2026-10-07 08:56:31,temp_current,,97.0,67.0,0.0,,1007.0,11.2,0.0,11.7,16.2,,0.8
2026-10-07 08:57:01,temp_current,,97.0,67.0,0.0,,1007.0,11.2,0.0,11.7,16.1,,0.8
2026-10-07 08:58:01,temp_current,,97.0,67.0,0.0,,1007.0,11.2,0.0,11.7,16.2,,0.8
2026-10-07 09:02:05,windspeed_gust,,97.0,67.0,0.0,,1007.0,11.2,0.6,11.7,16.2,,0.8
2026-10-07 09:02:35,windspeed_gust,,97.0,67.0,0.0,,1007.0,11.2,2.6,11.7,16.2,,0.8
2026-10-07 09:03:01,temp_current,,97.0,67.0,0.0,,1007.0,11.2,2.6,11.7,16.0,,0.8
2026-10-07 09:03:05,windspeed_gust,,97.0,67.0,0.0,,1007.0,11.2,6.6,11.7,16.0,,0.8
2026-10-07 09:03:35,temp_current_external,,97.0,67.0,0.0,,1007.0,11.2,6.6,11.8,16.0,,0.8
2026-10-07 09:04:05,windspeed_gust,,97.0,67.0,0.0,,1007.0,11.3,0.0,11.8,16.0,,0.8
2026-10-07 09:04:35,windspeed_avg,,97.0,67.0,0.0,,1007.0,11.3,0.0,11.8,16.0,,0.1
2026-10-07 09:05:35,windspeed_gust,,97.0,67.0,0.0,,1007.0,11.3,4.6,11.8,16.0,,0.1
2026-10-07 09:06:05,temp_current_external,,97.0,67.0,0.0,,1007.0,11.3,4.6,11.7,16.0,,0.1
2026-10-07 09:06:35,windspeed_gust,,97.0,67.0,0.0,,1007.0,11.2,7.9,11.7,16.0,,0.1
2026-10-07 09:07:05,windspeed_gust,,97.0,67.0,0.0,,1007.0,11.2,1.9,11.7,16.0,,0.1
2026-10-07 09:07:35,windspeed_gust,,97.0,67.0,0.0,,1007.0,11.2,0.0,11.7,16.0,,0.1
2026-10-07 09:08:35,temp_current_external,,97.0,67.0,0.0,,1007.0,11.2,0.0,11.8,16.0,,0.1
2026-10-07 09:09:01,temp_current,,97.0,67.0,0.0,,1007.0,11.3,2.6,11.8,15.9,,0.1
2026-10-07 09:09:05,windspeed_gust,,97.0,67.0,0.0,,1007.0,11.3,1.9,11.8,15.9,,0.1
2026-10-07 09:09:31,temp_current,,97.0,67.0,0.0,,1007.0,11.3,1.9,11.8,16.0,,0.1
2026-10-07 09:09:35,temp_current_external,,97.0,67.0,0.0,,1007.0,11.3,1.9,11.7,16.0,,0.1
2026-10-07 09:10:05,windspeed_gust,,97.0,67.0,0.0,,1007.0,11.2,0.0,11.7,16.0,,0.1
2026-10-07 09:10:35,temp_current_external,,97.0,67.0,0.0,,1007.0,11.2,0.0,11.8,16.0,,0.1
2026-10-07 09:11:31,temp_current,,97.0,67.0,0.0,,1007.0,11.3,0.0,11.8,15.9,,0.1
2026-10-07 09:11:35,temp_current_external,,97.0,67.0,0.0,,1007.0,11.3,0.0,11.7,15.9,,0.1
2026-10-07 09:12:05,windspeed_gust,,97.0,67.0,0.0,,1007.0,11.2,4.6,11.7,15.9,,0.1
2026-10-07 09:12:35,temp_current_external,,97.0,67.0,0.0,,1007.0,11.2,4.6,11.8,15.9,,0.1
2026-10-07 09:13:35,windspeed_gust,,97.0,67.0,0.0,,1007.0,11.3,0.0,11.8,15.9,,0.1
2026-10-07 09:14:05,windspeed_gust,,97.0,67.0,0.0,,1007.0,11.3,0.6,11.8,15.9,,0.1
2026-10-07 09:14:35,windspeed_avg,,97.0,67.0,0.0,,1007.0,11.3,0.6,11.8,15.9,,0.5
2026-10-07 09:15:05,temp_current_external,,97.0,67.0,0.0,,1007.0,11.3,6.6,11.7,15.9,,0.5
2026-10-07 09:15:35,temp_current_external,,97.0,67.0,0.0,,1007.0,11.2,7.9,11.8,15.9,,0.5
2026-10-07 09:16:05,windspeed_gust,,97.0,67.0,0.0,,1007.0,11.3,3.3,11.8,15.9,,0.5
2026-10-07 09:16:35,feellike_temp,,97.0,67.0,0.0,,1007.0,11.3,3.3,11.8,15.9,,0.5
2026-10-07 09:17:01,temp_current,,97.0,67.0,0.0,,1007.0,11.3,3.3,11.8,15.8,,0.5
2026-10-07 09:17:05,humidity_outdoor,,98.0,67.0,0.0,,1007.0,11.3,3.3,11.8,15.8,,0.5
2026-10-07 09:17:34,windspeed_gust,,98.0,67.0,0.0,,1007.0,11.4,0.6,11.8,15.8,,0.5
2026-10-07 09:18:01,temp_current,,98.0,67.0,0.0,,1007.0,11.4,0.6,11.8,15.9,,0.5
2026-10-07 09:18:04,humidity_outdoor,,97.0,67.0,0.0,,1007.0,11.4,0.6,11.8,15.9,,0.5
2026-10-07 09:18:05,windspeed_gust,,97.0,67.0,0.0,,1007.0,11.4,0.0,11.8,15.9,,0.5
2026-10-07 09:18:31,temp_current,,97.0,67.0,0.0,,1007.0,11.3,0.0,11.8,15.8,,0.5
2026-10-07 09:19:31,temp_current,,97.0,67.0,0.0,,1007.0,11.3,0.0,11.8,15.9,,0.5
2026-10-07 09:20:35,temp_current_external,,97.0,67.0,0.0,,1007.0,11.3,0.0,11.7,15.9,,0.5
2026-10-07 09:22:05,temp_current_external,,97.0,67.0,0.0,,1007.0,11.2,0.0,11.8,15.9,,0.5
2026-10-07 09:22:35,temp_current_external,,97.0,67.0,0.0,,1007.0,11.3,0.0,11.7,15.9,,0.5
2026-10-07 09:23:05,temp_current_external,,97.0,67.0,0.0,,1007.0,11.2,0.0,11.8,15.9,,0.5
2026-10-07 09:23:35,temp_current_external,,98.0,67.0,0.0,,1007.0,11.4,0.0,11.7,15.9,,0.5
2026-10-07 09:24:05,temp_current_external,,97.0,67.0,0.0,,1007.0,11.2,0.0,11.8,15.9,,0.5
2026-10-07 09:24:35,temp_current_external,,98.0,67.0,0.0,,1007.0,11.4,0.0,11.7,15.9,,0.5
2026-10-07 09:25:05,humidity_outdoor,,98.0,67.0,0.0,,1007.0,11.2,0.0,11.7,15.9,,0.9
2026-10-07 09:25:35,temp_current_external,,98.0,67.0,0.0,,1007.0,11.3,3.9,11.8,15.9,,0.9
2026-10-07 09:26:05,temp_current_external,,98.0,67.0,0.0,,1007.0,11.4,2.6,11.7,15.9,,0.9
2026-10-07 09:26:35,windspeed_gust,,98.0,67.0,0.0,,1007.0,11.3,3.9,11.7,15.9,,0.9
2026-10-07 09:27:05,humidity_outdoor,,97.0,67.0,0.0,,1007.0,11.3,3.9,11.7,15.9,,0.9
2026-10-07 09:27:35,humidity_outdoor,,98.0,67.0,0.0,,1007.0,11.2,3.9,11.7,15.9,,0.9
2026-10-07 09:28:04,windspeed_gust,,98.0,67.0,0.0,,1007.0,11.3,0.6,11.7,15.9,,0.9
2026-10-07 09:28:35,windspeed_gust,,98.0,67.0,0.0,,1007.0,11.3,1.3,11.7,15.9,,0.9
2026-10-07 09:29:01,temp_current,,98.0,67.0,0.0,,1007.0,11.3,1.3,11.7,16.0,,0.9
2026-10-07 09:29:04,humidity_outdoor,,97.0,67.0,0.0,,1007.0,11.3,1.3,11.7,16.0,,0.9
2026-10-07 09:29:05,dew_point_temp,,97.0,67.0,0.0,,1007.0,11.2,1.9,11.7,16.0,,0.9
2026-10-07 09:29:31,temp_current,,97.0,67.0,0.0,,1007.0,11.2,1.9,11.7,15.9,,0.9
2026-10-07 09:29:35,humidity_outdoor,,98.0,67.0,0.0,,1007.0,11.2,1.9,11.7,15.9,,0.9
2026-10-07 09:30:04,windspeed_gust,,98.0,67.0,0.0,,1007.0,11.3,1.9,11.7,15.9,,0.9
2026-10-07 09:30:35,windspeed_gust,,98.0,67.0,0.0,,1007.0,11.3,0.0,11.7,15.9,,0.9
2026-10-07 09:34:34,windspeed_avg,,98.0,67.0,0.0,,1007.0,11.3,0.0,11.7,15.9,,0.1
2026-10-07 09:35:05,temp_current_external,,98.0,67.0,0.0,,1007.0,11.3,0.0,11.8,15.9,,0.1
2026-10-07 09:35:34,temp_current_external,,98.0,67.0,0.0,,1007.0,11.4,0.0,11.7,15.9,,0.1
2026-10-07 09:35:35,dew_point_temp,,98.0,67.0,0.0,,1007.0,11.3,0.0,11.7,15.9,,0.1
2026-10-07 09:36:04,temp_current_external,,98.0,67.0,0.0,,1007.0,11.3,0.0,11.8,15.9,,0.1
2026-10-07 09:36:05,dew_point_temp,,98.0,67.0,0.0,,1007.0,11.4,0.0,11.8,15.9,,0.1
2026-10-07 09:40:05,temp_current_external,,98.0,67.0,0.0,,1007.0,11.4,0.0,11.9,15.9,,0.1
2026-10-07 09:40:34,temp_current_external,,98.0,67.0,0.0,,1007.0,11.5,0.0,11.8,15.9,,0.1
2026-10-07 09:40:35,dew_point_temp,,98.0,67.0,0.0,,1007.0,11.4,0.0,11.8,15.9,,0.1
2026-10-07 09:41:04,temp_current_external,,98.0,67.0,0.0,,1007.0,11.4,0.0,11.9,15.9,,0.1
2026-10-07 09:41:05,dew_point_temp,,98.0,67.0,0.0,,1007.0,11.5,0.0,11.9,15.9,,0.1
2026-10-07 09:43:01,temp_current,,98.0,67.0,0.0,,1007.0,11.5,0.0,11.9,16.0,,0.1
2026-10-07 09:43:31,temp_current,,98.0,67.0,0.0,,1007.0,11.5,0.0,11.9,15.9,,0.1
2026-10-07 09:44:34,windspeed_avg,,98.0,67.0,0.0,,1007.0,11.5,0.0,11.9,15.9,,0.0
2026-10-07 09:45:31,temp_current,,98.0,67.0,0.0,,1007.0,11.5,0.0,11.9,16.0,,0.0
2026-10-07 09:46:01,temp_current,,98.0,67.0,0.0,,1007.0,11.5,0.0,11.9,15.9,,0.0
2026-10-07 09:47:01,temp_current,,98.0,67.0,0.0,,1007.0,11.5,0.0,11.9,16.0,,0.0
2026-10-07 09:48:49,consulta,100.0,98.0,67.0,0.0,0.0,1007.0,11.5,0.0,11.9,16.0,0.0,0.0
2026-10-07 09:49:04,humidity_outdoor,100.0,97.0,67.0,0.0,0.0,1007.0,11.5,0.0,11.9,16.0,0.0,0.0
2026-10-07 09:49:05,dew_point_temp,100.0,97.0,67.0,0.0,0.0,1007.0,11.4,0.0,11.9,16.0,0.0,0.0
2026-10-07 09:49:34,humidity_outdoor,100.0,98.0,67.0,0.0,0.0,1007.0,11.4,0.0,11.9,16.0,0.0,0.0
2026-10-07 09:49:35,dew_point_temp,100.0,98.0,67.0,0.0,0.0,1007.0,11.5,0.0,11.9,16.0,0.0,0.0
2026-10-07 09:50:04,humidity_outdoor,100.0,97.0,67.0,0.0,0.0,1007.0,11.5,0.0,11.9,16.0,0.0,0.0
2026-10-07 09:50:05,dew_point_temp,100.0,97.0,67.0,0.0,0.0,1007.0,11.4,0.0,11.9,16.0,0.0,0.0
2026-10-07 09:50:34,humidity_outdoor,100.0,98.0,67.0,0.0,0.0,1007.0,11.4,0.0,11.9,16.0,0.0,0.0
2026-10-07 09:50:35,dew_point_temp,100.0,98.0,67.0,0.0,0.0,1007.0,11.5,0.0,11.9,16.0,0.0,0.0
2026-10-07 09:52:31,temp_current,100.0,98.0,67.0,0.0,0.0,1007.0,11.5,0.0,11.9,16.1,0.0,0.0
2026-10-07 09:53:01,temp_current,100.0,98.0,67.0,0.0,0.0,1007.0,11.5,0.0,11.9,16.0,0.0,0.0
2026-10-07 09:53:31,temp_current,100.0,98.0,66.0,0.0,0.0,1007.0,11.5,0.0,11.9,16.1,0.0,0.0
2026-10-07 09:55:01,atmospheric_pressture,100.0,98.0,67.0,0.0,0.0,1008.0,11.5,0.0,11.9,16.1,0.0,0.0
2026-10-07 09:56:01,temp_current,100.0,98.0,67.0,0.0,0.0,1008.0,11.5,0.0,11.9,16.0,0.0,0.0
2026-10-07 09:56:31,temp_current,100.0,98.0,67.0,0.0,0.0,1008.0,11.5,0.0,11.9,16.1,0.0,0.0
2026-10-07 09:57:05,humidity_outdoor,100.0,97.0,67.0,0.0,0.0,1008.0,11.5,0.0,11.9,16.1,0.0,0.0
2026-10-07 09:57:34,humidity_outdoor,100.0,98.0,67.0,0.0,0.0,1008.0,11.4,0.0,11.9,16.1,0.0,0.0
2026-10-07 09:57:35,dew_point_temp,100.0,98.0,67.0,0.0,0.0,1008.0,11.5,0.0,11.9,16.1,0.0,0.0
2026-10-07 10:00:04,temp_current_external,100.0,98.0,67.0,0.0,0.0,1008.0,11.5,0.0,12.0,16.1,0.0,0.0
2026-10-07 10:00:05,dew_point_temp,100.0,98.0,67.0,0.0,0.0,1008.0,11.6,0.0,12.0,16.1,0.0,0.0
2026-10-07 10:00:34,temp_current_external,100.0,98.0,67.0,0.0,0.0,1008.0,11.6,0.0,11.9,16.1,0.0,0.0
2026-10-07 10:00:35,dew_point_temp,100.0,98.0,67.0,0.0,0.0,1008.0,11.5,0.0,11.9,16.1,0.0,0.0
2026-10-07 10:01:04,humidity_outdoor,100.0,97.0,67.0,0.0,0.0,1008.0,11.5,0.0,11.9,16.1,0.0,0.0
2026-10-07 10:01:05,dew_point_temp,100.0,97.0,67.0,0.0,0.0,1008.0,11.4,0.0,11.9,16.1,0.0,0.0
2026-10-07 10:01:34,humidity_outdoor,100.0,98.0,67.0,0.0,0.0,1008.0,11.4,0.0,11.9,16.1,0.0,0.0
2026-10-07 10:01:35,dew_point_temp,100.0,98.0,67.0,0.0,0.0,1008.0,11.5,0.0,11.9,16.1,0.0,0.0
2026-10-07 10:02:04,temp_current_external,100.0,98.0,67.0,0.0,0.0,1008.0,11.5,0.0,12.0,16.1,0.0,0.0
2026-10-07 10:02:05,feellike_temp,100.0,97.0,67.0,0.0,0.0,1008.0,11.5,0.0,12.0,16.1,0.0,0.0
2026-10-07 10:02:34,humidity_outdoor,100.0,98.0,67.0,0.0,0.0,1008.0,11.5,0.0,12.0,16.1,0.0,0.0
2026-10-07 10:02:35,dew_point_temp,100.0,98.0,67.0,0.0,0.0,1008.0,11.6,0.0,12.0,16.1,0.0,0.0
2026-10-07 10:03:04,humidity_outdoor,100.0,97.0,67.0,0.0,0.0,1008.0,11.6,0.0,12.0,16.1,0.0,0.0
2026-10-07 10:03:05,dew_point_temp,100.0,97.0,67.0,0.0,0.0,1008.0,11.5,0.0,12.0,16.1,0.0,0.0
2026-10-07 10:03:34,temp_current_external,100.0,97.0,67.0,0.0,0.0,1008.0,11.5,0.0,11.9,16.1,0.0,0.0
2026-10-07 10:03:35,dew_point_temp,100.0,97.0,67.0,0.0,0.0,1008.0,11.4,0.0,11.9,16.1,0.0,0.0
2026-10-07 10:04:04,temp_current_external,100.0,97.0,67.0,0.0,0.0,1008.0,11.4,0.0,12.0,16.1,0.0,0.0
2026-10-07 10:04:05,dew_point_temp,100.0,97.0,67.0,0.0,0.0,1008.0,11.5,0.0,12.0,16.1,0.0,0.0
2026-10-07 10:04:34,temp_current_external,100.0,97.0,67.0,0.0,0.0,1008.0,11.5,0.0,11.9,16.1,0.0,0.0
2026-10-07 10:04:35,dew_point_temp,100.0,97.0,67.0,0.0,0.0,1008.0,11.4,0.0,11.9,16.1,0.0,0.0
2026-10-07 10:05:01,temp_current,100.0,97.0,67.0,0.0,0.0,1008.0,11.4,0.0,11.9,16.2,0.0,0.0
2026-10-07 10:05:04,temp_current_external,100.0,97.0,67.0,0.0,0.0,1008.0,11.4,0.0,12.0,16.2,0.0,0.0
2026-10-07 10:05:05,dew_point_temp,100.0,97.0,67.0,0.0,0.0,1008.0,11.5,0.0,12.0,16.2,0.0,0.0
2026-10-07 10:05:34,temp_current_external,100.0,97.0,67.0,0.0,0.0,1008.0,11.5,0.0,11.9,16.2,0.0,0.0
2026-10-07 10:05:35,dew_point_temp,100.0,97.0,67.0,0.0,0.0,1008.0,11.4,0.0,11.9,16.2,0.0,0.0
2026-10-07 10:06:04,temp_current_external,100.0,97.0,67.0,0.0,0.0,1008.0,11.4,0.0,12.0,16.2,0.0,0.0
2026-10-07 10:06:05,dew_point_temp,100.0,98.0,67.0,0.0,0.0,1008.0,11.6,0.0,12.0,16.2,0.0,0.0
2026-10-07 10:06:34,humidity_outdoor,100.0,97.0,67.0,0.0,0.0,1008.0,11.6,0.0,12.0,16.2,0.0,0.0
2026-10-07 10:06:35,dew_point_temp,100.0,97.0,67.0,0.0,0.0,1008.0,11.5,0.0,12.0,16.2,0.0,0.0
2026-10-07 10:07:01,temp_current,100.0,97.0,67.0,0.0,0.0,1008.0,11.5,0.0,12.0,16.1,0.0,0.0
2026-10-07 10:08:31,temp_current,100.0,97.0,67.0,0.0,0.0,1008.0,11.5,0.0,12.0,16.2,0.0,0.0
2026-10-07 10:10:31,temp_current,100.0,97.0,67.0,0.0,0.0,1008.0,11.5,0.0,12.0,16.3,0.0,0.0
2026-10-07 10:11:34,temp_current_external,100.0,97.0,67.0,0.0,0.0,1008.0,11.5,0.0,12.1,16.3,0.0,0.0
2026-10-07 10:11:35,dew_point_temp,100.0,97.0,67.0,0.0,0.0,1008.0,11.6,0.0,12.1,16.3,0.0,0.0
2026-10-07 10:12:04,temp_current_external,100.0,97.0,67.0,0.0,0.0,1008.0,11.6,0.0,12.0,16.3,0.0,0.0
2026-10-07 10:12:05,dew_point_temp,100.0,97.0,67.0,0.0,0.0,1008.0,11.5,0.0,12.0,16.3,0.0,0.0
2026-10-07 10:12:31,temp_current,100.0,97.0,67.0,0.0,0.0,1008.0,11.5,0.0,12.0,16.2,0.0,0.0
2026-10-07 10:12:35,temp_current_external,100.0,97.0,67.0,0.0,0.0,1008.0,11.5,0.0,12.1,16.2,0.0,0.0
2026-10-07 10:13:31,temp_current,100.0,97.0,67.0,0.0,0.0,1008.0,11.6,0.0,12.1,16.3,0.0,0.0
2026-10-07 10:14:34,temp_current_external,100.0,97.0,67.0,0.0,0.0,1008.0,11.6,0.0,12.0,16.3,0.0,0.0
2026-10-07 10:14:35,dew_point_temp,100.0,97.0,67.0,0.0,0.0,1008.0,11.5,0.0,12.0,16.3,0.0,0.0
2026-10-07 10:15:04,temp_current_external,100.0,97.0,67.0,0.0,0.0,1008.0,11.5,0.0,12.1,16.3,0.0,0.0
2026-10-07 10:15:05,dew_point_temp,100.0,97.0,67.0,0.0,0.0,1008.0,11.6,0.0,12.1,16.3,0.0,0.0
2026-10-07 10:15:34,temp_current_external,100.0,97.0,67.0,0.0,0.0,1008.0,11.6,0.0,12.0,16.3,0.0,0.0
2026-10-07 10:15:35,dew_point_temp,100.0,97.0,67.0,0.0,0.0,1008.0,11.5,0.0,12.0,16.3,0.0,0.0
2026-10-07 10:16:04,temp_current_external,100.0,97.0,67.0,0.0,0.0,1008.0,11.5,0.0,12.1,16.3,0.0,0.0
2026-10-07 10:16:05,dew_point_temp,100.0,97.0,67.0,0.0,0.0,1008.0,11.6,0.0,12.1,16.3,0.0,0.0
2026-10-07 10:17:04,temp_current_external,100.0,97.0,67.0,0.0,0.0,1008.0,11.6,0.0,12.2,16.3,0.0,0.0
2026-10-07 10:17:05,dew_point_temp,100.0,97.0,67.0,0.0,0.0,1008.0,11.7,0.0,12.2,16.3,0.0,0.0
2026-10-07 10:19:34,temp_current_external,100.0,97.0,67.0,0.0,0.0,1008.0,11.7,0.0,12.3,16.3,0.0,0.0
2026-10-07 10:19:35,dew_point_temp,100.0,97.0,67.0,0.0,0.0,1008.0,11.8,0.0,12.3,16.3,0.0,0.0
2026-10-07 10:20:04,temp_current_external,100.0,97.0,67.0,0.0,0.0,1008.0,11.8,0.0,12.2,16.3,0.0,0.0
2026-10-07 10:20:05,dew_point_temp,100.0,97.0,67.0,0.0,0.0,1008.0,11.7,0.0,12.2,16.3,0.0,0.0
2026-10-07 10:22:41,consulta,100.0,97.0,67.0,0.0,0.0,1008.0,11.7,0.0,12.2,16.3,0.0,0.0
2026-10-07 10:23:04,temp_current_external,100.0,97.0,67.0,0.0,0.0,1008.0,11.7,0.0,12.3,16.3,0.0,0.0
2026-10-07 10:23:05,dew_point_temp,100.0,97.0,67.0,0.0,0.0,1008.0,11.8,0.0,12.3,16.3,0.0,0.0
2026-10-07 10:23:34,temp_current_external,100.0,97.0,67.0,0.0,0.0,1008.0,11.8,0.0,12.2,16.3,0.0,0.0
2026-10-07 10:23:35,dew_point_temp,100.0,97.0,67.0,0.0,0.0,1008.0,11.7,0.0,12.2,16.3,0.0,0.0
2026-10-07 10:25:04,temp_current_external,100.0,97.0,67.0,0.0,0.0,1008.0,11.7,0.0,12.3,16.3,0.0,0.0
2026-10-07 10:25:05,dew_point_temp,100.0,97.0,67.0,0.0,0.0,1008.0,11.8,0.0,12.3,16.3,0.0,0.0
2026-10-07 10:25:31,temp_current,100.0,97.0,67.0,0.0,0.0,1008.0,11.8,0.0,12.3,16.4,0.0,0.0
2026-10-07 10:25:34,temp_current_external,100.0,97.0,67.0,0.0,0.0,1008.0,11.8,0.0,12.2,16.4,0.0,0.0
2026-10-07 10:25:35,dew_point_temp,100.0,97.0,67.0,0.0,0.0,1008.0,11.7,0.0,12.2,16.4,0.0,0.0
2026-10-07 10:26:04,temp_current_external,100.0,97.0,67.0,0.0,0.0,1008.0,11.7,0.0,12.3,16.4,0.0,0.0
2026-10-07 10:26:05,dew_point_temp,100.0,97.0,67.0,0.0,0.0,1008.0,11.8,0.0,12.3,16.4,0.0,0.0
2026-10-07 10:29:04,temp_current_external,100.0,97.0,67.0,0.0,0.0,1008.0,11.8,0.0,12.4,16.4,0.0,0.0
2026-10-07 10:29:05,dew_point_temp,100.0,97.0,67.0,0.0,0.0,1008.0,11.9,0.0,12.4,16.4,0.0,0.0
2026-10-07 10:29:34,windspeed_gust,100.0,97.0,67.0,0.0,0.0,1008.0,11.9,4.6,12.4,16.4,0.0,0.0
2026-10-07 10:29:35,feellike_temp,100.0,97.0,67.0,0.0,0.0,1008.0,11.9,4.6,12.4,16.4,0.0,0.0
2026-10-07 10:30:04,windspeed_gust,100.0,97.0,67.0,0.0,0.0,1008.0,11.9,3.3,12.4,16.4,0.0,0.0
2026-10-07 10:30:05,feellike_temp,100.0,97.0,67.0,0.0,0.0,1008.0,11.9,3.3,12.4,16.4,0.0,0.0
2026-10-07 10:30:35,feellike_temp,100.0,97.0,67.0,0.0,0.0,1008.0,11.9,3.3,12.4,16.4,0.0,0.0
2026-10-07 10:31:04,windspeed_gust,100.0,97.0,67.0,0.0,0.0,1008.0,11.9,0.0,12.4,16.4,0.0,0.0
2026-10-07 10:31:34,temp_current_external,100.0,97.0,67.0,0.0,0.0,1008.0,11.9,0.0,12.3,16.4,0.0,0.0
2026-10-07 10:31:35,dew_point_temp,100.0,97.0,67.0,0.0,0.0,1008.0,11.8,0.0,12.3,16.4,0.0,0.0
2026-10-07 10:32:04,temp_current_external,100.0,97.0,67.0,0.0,0.0,1008.0,11.8,0.0,12.4,16.4,0.0,0.0
2026-10-07 10:32:05,dew_point_temp,100.0,97.0,67.0,0.0,0.0,1008.0,11.9,0.0,12.4,16.4,0.0,0.0
2026-10-07 10:32:34,humidity_outdoor,100.0,96.0,67.0,0.0,0.0,1008.0,11.9,0.0,12.4,16.4,0.0,0.0
2026-10-07 10:32:35,dew_point_temp,100.0,96.0,67.0,0.0,0.0,1008.0,11.7,0.0,12.4,16.4,0.0,0.0
2026-10-07 10:33:31,temp_current,100.0,96.0,67.0,0.0,0.0,1008.0,11.7,0.0,12.4,16.5,0.0,0.0
2026-10-07 10:34:01,temp_current,100.0,96.0,67.0,0.0,0.0,1008.0,11.7,0.0,12.4,16.4,0.0,0.0
2026-10-07 10:34:31,temp_current,100.0,96.0,67.0,0.0,0.0,1008.0,11.7,0.0,12.4,16.5,0.0,0.0
2026-10-07 10:34:34,windspeed_avg,100.0,96.0,67.0,0.0,0.0,1008.0,11.7,0.0,12.4,16.5,0.0,0.1
2026-10-07 10:37:01,temp_current,100.0,96.0,67.0,0.0,0.0,1008.0,11.7,0.0,12.4,16.4,0.0,0.1
2026-10-07 10:37:31,temp_current,100.0,96.0,67.0,0.0,0.0,1008.0,11.7,0.0,12.4,16.5,0.0,0.1
2026-10-07 10:38:04,temp_current_external,100.0,96.0,67.0,0.0,0.0,1008.0,11.7,0.0,12.5,16.5,0.0,0.1
2026-10-07 10:38:05,dew_point_temp,100.0,96.0,67.0,0.0,0.0,1008.0,11.8,0.0,12.5,16.5,0.0,0.1
2026-10-07 10:39:04,temp_current_external,100.0,96.0,67.0,0.0,0.0,1008.0,11.8,0.0,12.4,16.5,0.0,0.1
2026-10-07 10:39:05,dew_point_temp,100.0,96.0,67.0,0.0,0.0,1008.0,11.7,0.0,12.4,16.5,0.0,0.1
2026-10-07 10:39:34,temp_current_external,100.0,96.0,67.0,0.0,0.0,1008.0,11.7,0.0,12.5,16.5,0.0,0.1
2026-10-07 10:39:35,dew_point_temp,100.0,96.0,67.0,0.0,0.0,1008.0,11.8,0.0,12.5,16.5,0.0,0.1
2026-10-07 10:40:04,temp_current_external,100.0,96.0,67.0,0.0,0.0,1008.0,11.8,0.0,12.6,16.5,0.0,0.1
2026-10-07 10:40:05,dew_point_temp,100.0,96.0,67.0,0.0,0.0,1008.0,11.9,0.0,12.6,16.5,0.0,0.1
2026-10-07 10:41:04,temp_current_external,100.0,96.0,67.0,0.0,0.0,1008.0,11.9,0.0,12.7,16.5,0.0,0.1
2026-10-07 10:41:05,dew_point_temp,100.0,96.0,67.0,0.0,0.0,1008.0,12.0,2.6,12.7,16.5,0.0,0.1
2026-10-07 10:41:34,windspeed_gust,100.0,96.0,67.0,0.0,0.0,1008.0,12.0,0.6,12.7,16.5,0.0,0.1
2026-10-07 10:42:01,temp_current,100.0,96.0,67.0,0.0,0.0,1008.0,12.0,0.6,12.7,16.6,0.0,0.1
2026-10-07 10:42:04,windspeed_gust,100.0,96.0,67.0,0.0,0.0,1008.0,12.0,0.0,12.7,16.6,0.0,0.1
2026-10-07 10:42:31,temp_current,100.0,96.0,67.0,0.0,0.0,1008.0,12.0,0.0,12.7,16.5,0.0,0.1
2026-10-07 10:43:04,temp_current_external,100.0,96.0,67.0,0.0,0.0,1008.0,12.0,0.0,12.8,16.5,0.0,0.1
2026-10-07 10:43:05,dew_point_temp,100.0,96.0,67.0,0.0,0.0,1008.0,12.1,0.0,12.8,16.5,0.0,0.1
2026-10-07 10:43:31,temp_current,100.0,96.0,67.0,0.0,0.0,1008.0,12.1,0.0,12.8,16.6,0.0,0.1
2026-10-07 10:43:34,temp_current_external,100.0,96.0,67.0,0.0,0.0,1008.0,12.1,0.0,12.7,16.6,0.0,0.1
2026-10-07 10:43:35,dew_point_temp,100.0,96.0,67.0,0.0,0.0,1008.0,12.0,0.0,12.7,16.6,0.0,0.1
2026-10-07 10:44:04,temp_current_external,100.0,96.0,67.0,0.0,0.0,1008.0,12.0,0.0,12.6,16.6,0.0,0.1
2026-10-07 10:44:05,dew_point_temp,100.0,95.0,67.0,0.0,0.0,1008.0,11.8,5.9,12.6,16.6,0.0,0.1
2026-10-07 10:44:34,windspeed_avg,100.0,95.0,67.0,0.0,0.0,1008.0,11.8,5.9,12.6,16.6,0.0,0.0
2026-10-07 10:44:35,feellike_temp,100.0,95.0,67.0,0.0,0.0,1008.0,11.8,5.9,12.6,16.6,0.0,0.0
2026-10-07 10:45:01,humidity_value,100.0,95.0,66.0,0.0,0.0,1008.0,11.8,5.9,12.6,16.6,0.0,0.0
2026-10-07 10:45:04,windspeed_gust,100.0,95.0,66.0,0.0,0.0,1008.0,11.8,5.3,12.6,16.6,0.0,0.0
2026-10-07 10:45:05,feellike_temp,100.0,95.0,66.0,0.0,0.0,1008.0,11.8,5.3,12.6,16.6,0.0,0.0
2026-10-07 10:45:34,windspeed_gust,100.0,95.0,66.0,0.0,0.0,1008.0,11.8,0.0,12.6,16.6,0.0,0.0
2026-10-07 10:47:01,temp_current,100.0,95.0,66.0,0.0,0.0,1008.0,11.8,0.0,12.6,16.5,0.0,0.0
2026-10-07 10:47:31,temp_current,100.0,95.0,66.0,0.0,0.0,1008.0,11.8,0.0,12.6,16.6,0.0,0.0
2026-10-07 10:47:34,temp_current_external,100.0,95.0,66.0,0.0,0.0,1008.0,11.8,0.0,12.7,16.6,0.0,0.0
2026-10-07 10:47:35,dew_point_temp,100.0,95.0,66.0,0.0,0.0,1008.0,11.9,0.0,12.7,16.6,0.0,0.0
2026-10-07 10:49:04,temp_current_external,100.0,95.0,66.0,0.0,0.0,1008.0,11.9,0.0,12.8,16.6,0.0,0.0
2026-10-07 10:49:05,dew_point_temp,100.0,95.0,66.0,0.0,0.0,1008.0,12.0,0.0,12.8,16.6,0.0,0.0
2026-10-07 10:54:04,temp_current_external,100.0,95.0,66.0,0.0,0.0,1008.0,12.0,0.0,12.9,16.6,0.0,0.0
2026-10-07 10:54:05,dew_point_temp,100.0,95.0,66.0,0.0,0.0,1008.0,12.1,0.0,12.9,16.6,0.0,0.0
2026-10-07 10:54:34,temp_current_external,100.0,95.0,66.0,0.0,0.0,1008.0,12.1,0.0,12.8,16.6,0.0,0.0
2026-10-07 10:54:35,dew_point_temp,100.0,95.0,66.0,0.0,0.0,1008.0,12.0,0.0,12.8,16.6,0.0,0.0
2026-10-07 10:55:01,atmospheric_pressture,100.0,95.0,66.0,0.0,0.0,1007.0,12.0,0.0,12.8,16.6,0.0,0.0
2026-10-07 10:56:04,humidity_outdoor,100.0,94.0,66.0,0.0,0.0,1007.0,12.0,0.0,12.8,16.6,0.0,0.0
2026-10-07 10:56:05,dew_point_temp,100.0,94.0,66.0,0.0,0.0,1007.0,11.8,0.0,12.8,16.6,0.0,0.0
2026-10-07 10:57:04,windspeed_gust,100.0,94.0,66.0,0.0,0.0,1007.0,11.8,3.9,12.8,16.6,0.0,0.0
2026-10-07 10:57:34,windspeed_gust,100.0,94.0,66.0,0.0,0.0,1007.0,11.8,1.9,12.8,16.6,0.0,0.0
2026-10-07 10:58:04,windspeed_gust,100.0,94.0,66.0,0.0,0.0,1007.0,11.8,2.6,12.8,16.6,0.0,0.0
2026-10-07 10:58:31,temp_current,100.0,94.0,66.0,0.0,0.0,1007.0,11.8,2.6,12.8,16.7,0.0,0.0
2026-10-07 10:58:34,temp_current_external,100.0,94.0,66.0,0.0,0.0,1007.0,11.8,2.6,12.9,16.7,0.0,0.0
2026-10-07 10:58:35,dew_point_temp,100.0,94.0,66.0,0.0,0.0,1007.0,11.9,1.3,12.9,16.7,0.0,0.0
2026-10-07 10:59:01,temp_current,100.0,94.0,66.0,0.0,0.0,1007.0,11.9,1.3,12.9,16.6,0.0,0.0
2026-10-07 10:59:04,windspeed_gust,100.0,94.0,66.0,0.0,0.0,1007.0,11.9,0.6,12.9,16.6,0.0,0.0
2026-10-07 10:59:31,temp_current,100.0,94.0,66.0,0.0,0.0,1007.0,11.9,0.6,12.9,16.7,0.0,0.0
2026-10-07 10:59:34,temp_current_external,100.0,94.0,66.0,0.0,0.0,1007.0,11.9,0.6,12.8,16.7,0.0,0.0
2026-10-07 10:59:35,dew_point_temp,100.0,94.0,66.0,0.0,0.0,1007.0,11.8,7.3,12.8,16.7,0.0,0.0
2026-10-07 11:00:04,windspeed_gust,100.0,94.0,66.0,0.0,0.0,1007.0,11.8,9.3,12.8,16.7,0.0,0.0
2026-10-07 11:00:05,feellike_temp,100.0,94.0,66.0,0.0,0.0,1007.0,11.8,9.3,12.8,16.7,0.0,0.0
2026-10-07 11:00:34,windspeed_gust,100.0,94.0,66.0,0.0,0.0,1007.0,11.8,3.9,12.8,16.7,0.0,0.0
2026-10-07 11:00:35,feellike_temp,100.0,94.0,66.0,0.0,0.0,1007.0,11.8,3.9,12.8,16.7,0.0,0.0
2026-10-07 11:01:04,windspeed_gust,100.0,94.0,66.0,0.0,0.0,1007.0,11.8,0.0,12.8,16.7,0.0,0.0
2026-10-07 11:01:05,feellike_temp,100.0,94.0,66.0,0.0,0.0,1007.0,11.8,0.0,12.8,16.7,0.0,0.0
2026-10-07 11:02:04,temp_current_external,100.0,94.0,66.0,0.0,0.0,1007.0,11.8,0.0,12.9,16.7,0.0,0.0
2026-10-07 11:02:05,dew_point_temp,100.0,94.0,66.0,0.0,0.0,1007.0,11.9,0.0,12.9,16.7,0.0,0.0
2026-10-07 11:02:34,temp_current_external,100.0,94.0,66.0,0.0,0.0,1007.0,11.9,0.0,12.8,16.7,0.0,0.0
2026-10-07 11:02:35,dew_point_temp,100.0,94.0,66.0,0.0,0.0,1007.0,11.8,7.3,12.8,16.7,0.0,0.0
2026-10-07 11:03:04,temp_current_external,100.0,94.0,66.0,0.0,0.0,1007.0,11.8,7.3,12.9,16.7,0.0,0.0
2026-10-07 11:03:05,dew_point_temp,100.0,94.0,66.0,0.0,0.0,1007.0,11.9,7.3,12.9,16.7,0.0,0.0
2026-10-07 11:03:34,windspeed_gust,100.0,94.0,66.0,0.0,0.0,1007.0,11.9,0.0,12.9,16.7,0.0,0.0
2026-10-07 11:04:31,temp_current,100.0,94.0,66.0,0.0,0.0,1007.0,11.9,0.0,12.9,16.8,0.0,0.0
2026-10-07 11:04:34,windspeed_avg,100.0,94.0,66.0,0.0,0.0,1007.0,11.9,0.0,12.9,16.8,0.0,0.7
2026-10-07 11:05:34,temp_current_external,100.0,94.0,66.0,0.0,0.0,1007.0,11.9,0.0,13.0,16.8,0.0,0.7
2026-10-07 11:05:35,dew_point_temp,100.0,94.0,66.0,0.0,0.0,1007.0,12.0,5.9,13.0,16.8,0.0,0.7
2026-10-07 11:06:04,temp_current_external,100.0,94.0,66.0,0.0,0.0,1007.0,12.0,5.9,12.9,16.8,0.0,0.7
2026-10-07 11:06:05,dew_point_temp,100.0,94.0,66.0,0.0,0.0,1007.0,11.9,5.3,12.9,16.8,0.0,0.7
2026-10-07 11:06:35,feellike_temp,100.0,94.0,66.0,0.0,0.0,1007.0,11.9,5.3,12.9,16.8,0.0,0.7
2026-10-07 11:07:04,windspeed_gust,100.0,94.0,66.0,0.0,0.0,1007.0,11.9,0.0,12.9,16.8,0.0,0.7
2026-10-07 11:10:01,temp_current,100.0,94.0,66.0,0.0,0.0,1007.0,11.9,0.0,12.9,16.7,0.0,0.7
2026-10-07 11:10:04,temp_current_external,100.0,94.0,66.0,0.0,0.0,1007.0,11.9,0.0,13.0,16.7,0.0,0.7
2026-10-07 11:10:05,dew_point_temp,100.0,94.0,66.0,0.0,0.0,1007.0,12.0,0.0,13.0,16.7,0.0,0.7
2026-10-07 11:10:31,temp_current,100.0,94.0,66.0,0.0,0.0,1007.0,12.0,0.0,13.0,16.8,0.0,0.7
2026-10-07 11:10:34,uv_index,100.0,94.0,66.0,0.0,0.0,1007.0,12.0,0.0,13.0,16.8,1.0,0.7
2026-10-07 11:12:34,temp_current_external,100.0,94.0,66.0,0.0,0.0,1007.0,12.0,0.0,13.1,16.8,1.0,0.7
2026-10-07 11:12:35,dew_point_temp,100.0,94.0,66.0,0.0,0.0,1007.0,12.1,0.0,13.1,16.8,1.0,0.7
2026-10-07 11:13:04,temp_current_external,100.0,94.0,66.0,0.0,0.0,1007.0,12.1,0.0,13.0,16.8,1.0,0.7
2026-10-07 11:13:05,dew_point_temp,100.0,93.0,66.0,0.0,0.0,1007.0,11.8,0.0,13.0,16.8,1.0,0.7
2026-10-07 11:14:04,temp_current_external,100.0,93.0,66.0,0.0,0.0,1007.0,11.8,0.0,13.1,16.8,1.0,0.7
2026-10-07 11:14:05,dew_point_temp,100.0,93.0,66.0,0.0,0.0,1007.0,11.9,0.0,13.1,16.8,1.0,0.7
2026-10-07 11:14:34,windspeed_avg,100.0,93.0,66.0,0.0,0.0,1007.0,11.9,0.0,13.1,16.8,1.0,0.1
2026-10-07 11:15:34,temp_current_external,100.0,93.0,66.0,0.0,0.0,1007.0,11.9,0.0,13.2,16.8,1.0,0.1
2026-10-07 11:15:35,dew_point_temp,100.0,93.0,66.0,0.0,0.0,1007.0,12.0,0.0,13.2,16.8,1.0,0.1
2026-10-07 11:16:04,temp_current_external,100.0,93.0,66.0,0.0,0.0,1007.0,12.0,0.0,13.1,16.8,1.0,0.1
2026-10-07 11:16:05,dew_point_temp,100.0,93.0,66.0,0.0,0.0,1007.0,11.9,0.0,13.1,16.8,1.0,0.1
2026-10-07 11:17:34,temp_current_external,100.0,93.0,66.0,0.0,0.0,1007.0,11.9,0.0,13.2,16.8,1.0,0.1
2026-10-07 11:17:35,dew_point_temp,100.0,93.0,66.0,0.0,0.0,1007.0,12.0,0.0,13.2,16.8,1.0,0.1
2026-10-07 11:18:04,windspeed_gust,100.0,93.0,66.0,0.0,0.0,1007.0,12.0,5.3,13.2,16.8,1.0,0.1
2026-10-07 11:18:05,feellike_temp,100.0,93.0,66.0,0.0,0.0,1007.0,12.0,5.3,13.2,16.8,1.0,0.1
2026-10-07 11:18:34,temp_current_external,100.0,93.0,66.0,0.0,0.0,1007.0,12.0,5.3,13.3,16.8,1.0,0.1
2026-10-07 11:18:35,dew_point_temp,100.0,93.0,66.0,0.0,0.0,1007.0,12.1,3.3,13.3,16.8,1.0,0.1
2026-10-07 11:19:04,windspeed_gust,100.0,93.0,66.0,0.0,0.0,1007.0,12.1,3.9,13.3,16.8,1.0,0.1
2026-10-07 11:19:05,feellike_temp,100.0,93.0,66.0,0.0,0.0,1007.0,12.1,3.9,13.3,16.8,1.0,0.1
2026-10-07 11:19:34,windspeed_gust,100.0,93.0,66.0,0.0,0.0,1007.0,12.1,0.0,13.3,16.8,1.0,0.1
2026-10-07 11:19:53,consulta,100.0,93.0,66.0,0.0,0.0,1007.0,12.1,0.0,13.3,16.8,1.0,0.1
